<?xml version="1.0" encoding="UTF-8"?>
<kml xmlns="http://www.opengis.net/kml/2.2"><Document><name>Drive time from Bern (Valhalla, Sat 23:00)</name><Placemark><name>30 min drive from Bern (night)</name>
<Style><LineStyle><color>ff2678eb</color><width>2</width></LineStyle></Style>
<LineString><tessellate>1</tessellate><coordinates>7.58740,47.17201 7.58707,47.16400 7.59071,47.16331 7.59035,47.14105 7.58704,47.14036 7.58577,47.13363 7.58199,47.13200 7.58073,47.12667 7.57803,47.12537 7.57785,47.11600 7.57639,47.11101 7.57400,47.11060 7.56937,47.11397 7.56740,47.11788 7.56576,47.11836 7.56340,47.12181 7.56224,47.12000 7.56100,47.11200 7.56469,47.10929 7.56491,47.10649 7.55940,47.10491 7.55463,47.10000 7.55410,47.09200 7.55494,47.09154 7.55548,47.08808 7.56227,47.08687 7.56667,47.08400 7.56533,47.08207 7.56064,47.07876 7.55736,47.07804 7.55377,47.07837 7.55140,47.08078 7.54387,47.08046 7.53929,47.08011 7.53778,47.07762 7.53231,47.07690 7.53140,47.07956 7.53063,47.07677 7.53140,47.07496 7.53441,47.07200 7.53603,47.06800 7.54288,47.06347 7.54403,47.06000 7.53801,47.05861 7.53577,47.05963 7.53418,47.05722 7.53140,47.05650 7.52906,47.05766 7.52826,47.06000 7.52878,47.06262 7.53092,47.06400 7.52836,47.06496 7.52122,47.06218 7.51771,47.06231 7.51520,47.06800 7.51623,47.07516 7.51764,47.07776 7.52186,47.08000 7.52448,47.08400 7.51940,47.08456 7.51711,47.08229 7.51540,47.08197 7.51140,47.08273 7.50630,47.08000 7.50583,47.07443 7.50736,47.06796 7.50448,47.05892 7.50186,47.05846 7.49540,47.06087 7.48709,47.06031 7.48623,47.06000 7.49140,47.05917 7.49321,47.05781 7.49305,47.05435 7.49140,47.05296 7.48740,47.05417 7.47940,47.05313 7.47755,47.05415 7.47540,47.05876 7.47426,47.05714 7.46740,47.05499 7.46488,47.05200 7.46511,47.04800 7.46227,47.04512 7.45927,47.03987 7.45678,47.04138 7.45559,47.04400 7.45585,47.05155 7.45738,47.05200 7.45612,47.05272 7.45624,47.05684 7.45219,47.06479 7.45140,47.06494 7.44992,47.06148 7.44740,47.06042 7.44498,47.06158 7.44340,47.06347 7.43696,47.06556 7.43451,47.06488 7.43036,47.06504 7.42851,47.06289 7.42614,47.06274 7.42388,47.06400 7.42340,47.06740 7.42307,47.06400 7.41940,47.06195 7.41751,47.06400 7.41780,47.06560 7.41940,47.06679 7.42096,47.06644 7.42326,47.06800 7.41773,47.07033 7.41540,47.07536 7.41261,47.07479 7.41072,47.07532 7.40900,47.08160 7.40740,47.08378 7.40340,47.08616 7.40160,47.08400 7.40231,47.08000 7.40587,47.07847 7.40633,47.07600 7.40527,47.07413 7.40134,47.07200 7.40064,47.06676 7.39940,47.06610 7.39780,47.06640 7.39540,47.06833 7.39140,47.06607 7.38775,47.06000 7.38602,47.05338 7.38340,47.05217 7.37540,47.05172 7.37140,47.05047 7.36340,47.05140 7.35940,47.05041 7.35540,47.05164 7.34340,47.05101 7.34129,47.05389 7.33940,47.05474 7.33540,47.05381 7.32961,47.05379 7.33053,47.05113 7.33676,47.04936 7.33940,47.04643 7.35669,47.04529 7.36880,47.04140 7.37139,47.03999 7.37573,47.03200 7.37140,47.02679 7.36627,47.02687 7.35540,47.03001 7.35050,47.02890 7.34740,47.02659 7.34638,47.02698 7.34344,47.03204 7.33940,47.03242 7.33535,47.02804 7.33235,47.02895 7.32531,47.02800 7.32714,47.02374 7.33836,47.02296 7.34306,47.02000 7.34284,47.01256 7.34048,47.01200 7.34227,47.01087 7.34420,47.01120 7.34518,47.01421 7.34740,47.01478 7.35140,47.01396 7.35414,47.01200 7.34964,47.00976 7.34600,47.00940 7.34340,47.00574 7.33940,47.00605 7.33540,47.00737 7.33140,47.00050 7.32740,47.00183 7.32625,46.99885 7.32745,46.99600 7.32451,46.99488 7.32210,46.99470 7.31536,46.99596 7.31357,46.99817 7.31064,46.99924 7.30740,46.99918 7.30393,47.00053 7.30176,47.00000 7.29940,46.99775 7.29540,46.99832 7.29140,46.99744 7.28340,46.99786 7.28205,46.99735 7.28039,46.99600 7.28561,46.99421 7.28723,46.99200 7.29005,46.99335 7.29540,46.99376 7.30340,46.99098 7.30553,46.98800 7.30651,46.98400 7.30518,46.98222 7.30002,46.98000 7.29742,46.97600 7.29540,46.97454 7.29140,46.97688 7.28463,46.97477 7.28262,46.97522 7.28045,46.97705 7.27540,46.97690 7.27386,46.97354 7.27112,46.97228 7.27077,46.96863 7.26740,46.96629 7.26600,46.96660 7.26490,46.96800 7.25958,46.96818 7.25940,46.96928 7.25697,46.96643 7.25540,46.96591 7.25140,46.96801 7.24740,46.96638 7.22788,46.96752 7.21863,46.96724 7.21551,46.96800 7.21940,46.97084 7.22340,46.97107 7.22511,46.97200 7.22606,46.97600 7.22424,46.97684 7.22299,46.97641 7.21647,46.97707 7.21052,46.97912 7.20826,46.98085 7.20676,46.98400 7.21099,46.99200 7.20740,46.99890 7.20291,46.99249 7.19940,46.99091 7.19831,46.98909 7.19604,46.98800 7.19235,46.98305 7.18910,46.98230 7.18604,46.98264 7.18455,46.98515 7.17436,46.98696 7.17216,46.98876 7.16863,46.98923 7.16363,46.99223 7.15919,46.99200 7.16126,46.98986 7.16147,46.98800 7.16582,46.98400 7.17345,46.98205 7.17571,46.98000 7.17858,46.97918 7.18083,46.97743 7.18033,46.97107 7.17610,46.96730 7.17316,46.96224 7.16687,46.96053 7.16340,46.95662 7.16009,46.95531 7.15906,46.95234 7.15650,46.95090 7.15550,46.94790 7.15198,46.94858 7.14698,46.94841 7.14340,46.94742 7.14260,46.94480 7.13540,46.93862 7.13140,46.93762 7.13019,46.93479 7.13150,46.93190 7.12823,46.93117 7.12936,46.92400 7.12877,46.92263 7.12625,46.92115 7.12523,46.91817 7.12340,46.91718 7.11540,46.91713 7.11358,46.91382 7.11140,46.91284 7.09927,46.91213 7.09908,46.90832 7.09536,46.90804 7.09540,46.90566 7.09549,46.90791 7.09956,46.90800 7.09979,46.91161 7.11540,46.91149 7.11667,46.91472 7.12793,46.91547 7.12935,46.91805 7.13278,46.92000 7.13389,46.92551 7.13667,46.92672 7.13816,46.92924 7.14055,46.93084 7.14172,46.93368 7.14340,46.93446 7.14875,46.93465 7.15065,46.93675 7.15556,46.93984 7.16340,46.94360 7.17153,46.94400 7.16740,46.94450 7.16574,46.94634 7.16573,46.94800 7.16630,46.94909 7.16913,46.95027 7.17061,46.95278 7.17374,46.95366 7.17540,46.95687 7.17974,46.95600 7.17881,46.95200 7.18543,46.95003 7.18740,46.94649 7.18882,46.95058 7.19238,46.95200 7.19201,46.95600 7.20222,46.95718 7.22279,46.95661 7.22320,46.96020 7.23140,46.96161 7.24060,46.96120 7.24337,46.96000 7.24340,46.95935 7.24362,46.95978 7.24597,46.95858 7.24740,46.95883 7.24842,46.95702 7.25211,46.95600 7.25008,46.95332 7.24902,46.94638 7.24740,46.94551 7.24557,46.94617 7.24340,46.95030 7.23940,46.95190 7.23751,46.94589 7.23540,46.94468 7.23023,46.94400 7.23440,46.94300 7.23855,46.93915 7.23940,46.93685 7.24024,46.93916 7.24340,46.94099 7.24974,46.93834 7.25168,46.93600 7.25415,46.93474 7.25540,46.93442 7.26340,46.93752 7.26797,46.93657 7.26963,46.93423 7.27140,46.93425 7.27258,46.93318 7.27261,46.93079 7.27140,46.92997 7.26967,46.93027 7.26802,46.93200 7.26869,46.93329 7.26740,46.93334 7.26629,46.92911 7.26404,46.92800 7.26193,46.92547 7.25767,46.92400 7.25753,46.92000 7.25940,46.91824 7.26045,46.91895 7.26740,46.91868 7.26783,46.91957 7.27383,46.92157 7.27536,46.92404 7.27912,46.92428 7.27940,46.92508 7.28043,46.92503 7.28044,46.92400 7.28603,46.92262 7.28740,46.92128 7.29100,46.92000 7.30371,46.91969 7.30740,46.92130 7.31140,46.91797 7.31397,46.92143 7.31540,46.92186 7.32062,46.92122 7.32740,46.91878 7.32852,46.91888 7.32884,46.92000 7.33140,46.92153 7.33300,46.92000 7.33156,46.91600 7.32892,46.91448 7.32688,46.91200 7.32210,46.90930 7.32054,46.90686 7.31540,46.90503 7.31069,46.90471 7.30740,46.90293 7.30340,46.90614 7.29908,46.90432 7.28968,46.90628 7.28734,46.90800 7.28390,46.91650 7.28267,46.91672 7.27940,46.91522 7.27691,46.91049 7.27466,46.90874 7.27187,46.90800 7.26946,46.90594 7.26671,46.90069 7.26340,46.89951 7.26214,46.89726 7.26340,46.89503 7.26740,46.89466 7.26912,46.89372 7.27140,46.88943 7.28340,46.88870 7.28433,46.88800 7.28340,46.88664 7.27940,46.88488 7.27540,46.88453 7.27221,46.88319 7.27033,46.88107 7.25841,46.88099 7.25721,46.88000 7.25940,46.87868 7.25940,46.87567 7.24740,46.87454 7.24340,46.87481 7.23540,46.87355 7.22740,46.87401 7.22586,46.87354 7.22340,46.87038 7.21140,46.87102 7.20941,46.86999 7.20740,46.86740 7.20340,46.86689 7.19940,46.86387 7.19351,46.86189 7.19094,46.86000 7.18559,46.85781 7.18153,46.85387 7.17838,46.85302 7.17682,46.85058 7.17540,46.84983 7.17140,46.84952 7.16927,46.84613 7.16740,46.84516 7.16284,46.84456 7.16183,46.84157 7.15897,46.84043 7.15838,46.83702 7.15503,46.83637 7.15435,46.83305 7.14926,46.83200 7.14873,46.83067 7.14457,46.82800 7.14241,46.82499 7.13910,46.82430 7.13866,46.82074 7.13529,46.82000 7.13535,46.81595 7.13940,46.81672 7.14095,46.82245 7.14340,46.82301 7.14740,46.82240 7.15140,46.82494 7.15357,46.82983 7.15613,46.83127 7.15687,46.83453 7.15993,46.83547 7.16095,46.83845 7.16411,46.83928 7.16564,46.84176 7.16740,46.84257 7.17140,46.84223 7.17262,46.84278 7.17393,46.84547 7.17540,46.84614 7.17940,46.84546 7.18127,46.84587 7.18215,46.84525 7.18175,46.84635 7.18340,46.84858 7.18459,46.84800 7.18482,46.84400 7.19140,46.84029 7.19673,46.84400 7.19593,46.84453 7.19591,46.84800 7.19709,46.85031 7.19940,46.85330 7.20340,46.85561 7.20676,46.86064 7.21298,46.86241 7.21540,46.86523 7.22740,46.86555 7.23140,46.86961 7.25140,46.86928 7.26161,46.86800 7.26220,46.86520 7.26063,46.86277 7.26052,46.86000 7.26526,46.85600 7.26740,46.85557 7.27480,46.86000 7.27393,46.86253 7.27447,46.86493 7.28100,46.86640 7.28340,46.86934 7.28809,46.86869 7.29062,46.86722 7.29419,46.86679 7.29988,46.86448 7.29831,46.86108 7.29657,46.86000 7.29940,46.85753 7.30481,46.85741 7.30740,46.85513 7.31140,46.85430 7.31429,46.85089 7.31743,46.85003 7.31940,46.84705 7.32196,46.84656 7.32340,46.84389 7.32555,46.84585 7.32601,46.84800 7.32458,46.85200 7.32138,46.85398 7.31960,46.85620 7.31918,46.86000 7.32028,46.86312 7.32340,46.86494 7.33198,46.86800 7.33378,46.87200 7.33140,46.87455 7.32799,46.87659 7.32300,46.87640 7.32109,46.87600 7.32296,46.87556 7.32323,46.87200 7.32067,46.87073 7.31843,46.87103 7.31780,46.87360 7.32098,46.87842 7.32070,46.88000 7.32340,46.88242 7.32859,46.88280 7.33095,46.88400 7.33500,46.88440 7.34179,46.88400 7.34261,46.88321 7.34740,46.88360 7.35002,46.88262 7.35140,46.87558 7.35602,46.87538 7.35995,46.87655 7.36245,46.87505 7.36340,46.87317 7.36740,46.87471 7.37140,46.87329 7.38002,46.87662 7.38740,46.87343 7.39203,46.87263 7.39268,46.86928 7.39540,46.86772 7.39717,46.87022 7.39997,46.87200 7.39677,46.87337 7.39613,46.87673 7.39140,46.88000 7.39540,46.88207 7.40198,46.88400 7.39945,46.88800 7.40175,46.88965 7.40220,46.89200 7.40340,46.89310 7.40488,46.89200 7.40470,46.88400 7.41051,46.88311 7.41358,46.87818 7.41540,46.87686 7.42340,46.87449 7.43059,46.87519 7.43158,46.87200 7.43140,46.87654 7.42946,46.87806 7.42871,46.88000 7.42323,46.88383 7.42340,46.88460 7.43540,46.89140 7.43664,46.89476 7.44373,46.89600 7.43140,46.89699 7.42740,46.89649 7.42486,46.89746 7.42394,46.90000 7.42486,46.90254 7.42782,46.90400 7.42811,46.90800 7.43025,46.90915 7.43540,46.90947 7.43841,46.90701 7.44497,46.90557 7.44740,46.90295 7.45140,46.90609 7.45637,46.90497 7.45728,46.90400 7.45472,46.90068 7.45386,46.89600 7.45540,46.89412 7.45873,46.89667 7.46340,46.89706 7.46491,46.89600 7.46740,46.89077 7.46782,46.89158 7.47493,46.89153 7.47540,46.88937 7.47725,46.89015 7.48093,46.88953 7.48191,46.88800 7.48079,46.88139 7.48293,46.87953 7.48574,46.88966 7.48740,46.89085 7.49256,46.88916 7.49252,46.88288 7.48908,46.88000 7.48887,46.87453 7.48668,46.87200 7.48740,46.84830 7.49140,46.84560 7.49540,46.84749 7.49705,46.85435 7.49940,46.85588 7.50500,46.85360 7.50740,46.84897 7.50793,46.85547 7.50952,46.85788 7.51140,46.85864 7.51338,46.85798 7.51620,46.85520 7.52039,46.85501 7.52195,46.85600 7.51653,46.85713 7.51625,46.86084 7.51409,46.86269 7.51377,46.86400 7.51540,46.86611 7.52372,46.86800 7.52181,46.87041 7.52181,46.87200 7.51940,46.87369 7.51855,46.87285 7.51540,46.87263 7.51286,46.87054 7.51140,46.87031 7.50931,46.87391 7.50896,46.87600 7.50975,46.87765 7.51218,46.87922 7.51264,46.88276 7.51812,46.88528 7.52340,46.88556 7.52499,46.88400 7.52481,46.88141 7.52603,46.87863 7.53329,46.87789 7.53624,46.87684 7.53780,46.87760 7.54035,46.87695 7.54002,46.86862 7.54190,46.86250 7.54678,46.85938 7.54807,46.85667 7.54981,46.85759 7.55229,46.85688 7.55358,46.85418 7.55669,46.85329 7.55701,46.85200 7.55600,46.84800 7.55593,46.83600 7.55711,46.83371 7.55970,46.83230 7.56011,46.82800 7.56356,46.82384 7.56118,46.81822 7.55940,46.81691 7.55826,46.81714 7.55540,46.81591 7.55827,46.81487 7.56340,46.81482 7.56575,46.81200 7.56520,46.80800 7.56740,46.80347 7.56953,46.80213 7.57540,46.80118 7.57742,46.79802 7.58035,46.79695 7.58170,46.79430 7.58340,46.79359 7.58740,46.79413 7.58884,46.79344 7.59007,46.79068 7.59315,46.78975 7.59715,46.78575 7.59783,46.78400 7.59714,46.78226 7.59540,46.78118 7.58862,46.78122 7.58740,46.78302 7.58340,46.78509 7.57892,46.78400 7.58113,46.77773 7.58340,46.77677 7.58740,46.77781 7.59140,46.77543 7.59540,46.77452 7.59620,46.77280 7.59608,46.77132 7.59373,46.76967 7.59335,46.76000 7.59417,46.75877 7.59731,46.75791 7.59680,46.75200 7.59790,46.75050 7.60087,46.74947 7.60168,46.74800 7.60110,46.74630 7.59677,46.74400 7.59659,46.74000 7.59831,46.73891 7.59929,46.73189 7.60320,46.73181 7.60340,46.72881 7.60362,46.73222 7.60123,46.73383 7.60073,46.73600 7.60177,46.73763 7.60425,46.73915 7.60512,46.74228 7.60735,46.74400 7.60497,46.74800 7.60497,46.75357 7.60248,46.75508 7.60138,46.75798 7.59940,46.75877 7.59767,46.75827 7.59796,46.76400 7.60116,46.76624 7.60269,46.77271 7.60435,46.77295 7.60737,46.77197 7.60739,46.76800 7.60488,46.76400 7.60594,46.76000 7.60740,46.75915 7.61140,46.76121 7.61404,46.76536 7.61540,46.76569 7.61674,46.76534 7.61940,46.76236 7.62594,46.76146 7.62740,46.76133 7.62929,46.76400 7.62901,46.76961 7.62712,46.77172 7.62312,46.77172 7.62308,46.77568 7.61940,46.77766 7.61774,46.78000 7.61373,46.78233 7.61071,46.79200 7.60812,46.79272 7.60816,46.80324 7.61147,46.80393 7.61205,46.80800 7.61140,46.80836 7.60969,46.80571 7.60740,46.80551 7.60340,46.80671 7.60160,46.80800 7.60075,46.81200 7.60166,46.81374 7.60340,46.81475 7.60867,46.81473 7.61310,46.81600 7.61267,46.82000 7.61725,46.82400 7.61623,46.82483 7.61599,46.82800 7.61704,46.83035 7.61997,46.83200 7.62173,46.83600 7.61940,46.83886 7.61540,46.83764 7.61317,46.83423 7.60340,46.83132 7.60236,46.82800 7.60085,46.82655 7.59540,46.82540 7.59349,46.82609 7.59140,46.82946 7.58956,46.83016 7.58740,46.83254 7.58302,46.83162 7.58289,46.83651 7.58765,46.84400 7.58740,46.84940 7.58450,46.85600 7.58740,46.86032 7.59018,46.85878 7.59857,46.86000 7.59389,46.86249 7.59182,46.86800 7.59399,46.86941 7.59661,46.86921 7.59940,46.86777 7.60296,46.86843 7.60415,46.87125 7.61140,46.87116 7.61601,46.87261 7.61947,46.87192 7.62423,46.87600 7.62737,46.88000 7.62598,46.88258 7.62265,46.88325 7.61940,46.88260 7.61540,46.88397 7.61140,46.88327 7.60740,46.88159 7.59540,46.88135 7.59287,46.88400 7.59439,46.88800 7.59140,46.89442 7.58943,46.88997 7.58740,46.88892 7.58495,46.89200 7.58529,46.89411 7.58911,46.89829 7.58837,46.90400 7.58927,46.90613 7.59187,46.90753 7.59252,46.90912 7.59155,46.91185 7.59408,46.91068 7.59540,46.91116 7.59771,46.91031 7.60095,46.90800 7.60079,46.90661 7.59772,46.90400 7.59815,46.90000 7.59954,46.90000 7.60046,46.90294 7.60447,46.90293 7.61140,46.90647 7.61362,46.90622 7.61513,46.90400 7.61692,46.90400 7.61731,46.90800 7.61648,46.90908 7.61540,46.90867 7.61361,46.91021 7.61303,46.91200 7.61540,46.91360 7.61840,46.91200 7.61808,46.91068 7.61940,46.90959 7.62498,46.90958 7.62852,46.90912 7.63051,46.90800 7.63288,46.90800 7.63326,46.91200 7.63140,46.91348 7.63071,46.91269 7.62740,46.91271 7.62528,46.91388 7.62340,46.91893 7.61540,46.91810 7.61140,46.92118 7.60098,46.92158 7.59784,46.92244 7.59845,46.92495 7.60340,46.92797 7.60648,46.92892 7.60827,46.92887 7.61140,46.92669 7.61540,46.92955 7.61744,46.92800 7.61940,46.92384 7.62340,46.92216 7.62405,46.92335 7.63047,46.92400 7.63134,46.92800 7.62910,46.92970 7.62788,46.93200 7.62568,46.92972 7.62340,46.92934 7.62028,46.93288 7.61987,46.94353 7.62111,46.94400 7.61940,46.94857 7.61540,46.94624 7.61154,46.94800 7.60833,46.94707 7.60340,46.94831 7.59753,46.94587 7.59603,46.94336 7.59455,46.94315 7.59375,46.94400 7.59292,46.95352 7.59140,46.95545 7.58923,46.95417 7.58592,46.95348 7.58340,46.95159 7.58146,46.94994 7.58132,46.94800 7.57940,46.94607 7.57540,46.94510 7.57140,46.94510 7.56953,46.94613 7.56790,46.94800 7.57015,46.95325 7.57283,46.95343 7.57572,46.95168 7.57863,46.95277 7.57875,46.95600 7.57348,46.95808 7.57283,46.96000 7.57359,46.96181 7.57540,46.96297 7.58036,46.96304 7.58349,46.96800 7.58104,46.96964 7.57940,46.97407 7.57824,46.97316 7.57540,46.97306 7.57290,46.97050 7.57013,46.96927 7.56856,46.96684 7.56604,46.96664 7.56340,46.96813 7.55940,46.96804 7.55701,46.97200 7.55787,46.97753 7.55999,46.97941 7.55956,46.98384 7.55611,46.98471 7.55540,46.99358 7.55471,46.98469 7.55097,46.98043 7.54886,46.98000 7.54714,46.97626 7.54469,46.97729 7.53540,46.97655 7.53140,46.97384 7.52740,46.97396 7.52595,46.97455 7.52266,46.98000 7.52210,46.98270 7.52257,46.98482 7.52740,46.98613 7.53341,46.98999 7.53540,46.99044 7.53940,46.98988 7.54340,46.99070 7.54511,46.99200 7.54289,46.99549 7.54340,46.99657 7.54740,46.99725 7.54879,46.99861 7.55255,46.99884 7.55534,46.99994 7.55880,46.99940 7.56131,47.00209 7.56632,47.00400 7.56790,47.00800 7.56740,47.00947 7.56340,47.01173 7.56238,47.01098 7.56265,47.01200 7.55977,47.01237 7.56019,47.01521 7.55838,47.01898 7.55817,47.02523 7.56165,47.02800 7.56305,47.03200 7.56008,47.03268 7.55654,47.03600 7.55940,47.03770 7.56055,47.04000 7.55849,47.04400 7.55940,47.04505 7.56340,47.04581 7.56482,47.04542 7.56740,47.04271 7.56869,47.04271 7.57295,47.04644 7.57577,47.04763 7.57921,47.04800 7.57695,47.04955 7.57540,47.04925 7.56740,47.05093 7.56340,47.04997 7.55940,47.04990 7.55791,47.05051 7.55671,47.05200 7.55751,47.05389 7.56140,47.05800 7.56245,47.06095 7.56740,47.06363 7.57140,47.06484 7.57336,47.06400 7.57251,47.06000 7.57436,47.05496 7.57730,47.05390 7.57924,47.05200 7.57940,47.04940 7.57977,47.05600 7.58134,47.05806 7.58637,47.06103 7.60218,47.06278 7.60740,47.06137 7.61289,47.06149 7.61522,47.06018 7.61851,47.06400 7.61540,47.06477 7.61179,47.06839 7.60546,47.07006 7.60340,47.07243 7.60148,47.06992 7.59940,47.06934 7.59759,47.07019 7.59688,47.07348 7.59449,47.07600 7.59768,47.08400 7.59628,47.08800 7.59998,47.09542 7.59857,47.10000 7.59998,47.10342 7.59940,47.10981 7.59784,47.10556 7.59140,47.10361 7.58740,47.09873 7.58327,47.09987 7.57940,47.10229 7.57833,47.10400 7.58188,47.10800 7.58103,47.12000 7.58178,47.12162 7.58434,47.12306 7.58584,47.12956 7.58831,47.13108 7.58897,47.13843 7.59245,47.14000 7.59197,47.16400 7.59061,47.16479 7.58813,47.16473 7.58740,47.17201</coordinates></LineString></Placemark><Placemark><name>45 min drive from Bern (night)</name>
<Style><LineStyle><color>ff2678eb</color><width>2</width></LineStyle></Style>
<LineString><tessellate>1</tessellate><coordinates>7.78740,47.30807 7.78331,47.30809 7.78306,47.30434 7.77140,47.30460 7.77004,47.30136 7.76740,47.30078 7.75940,47.30132 7.75699,47.29841 7.75540,47.29772 7.74740,47.29821 7.74340,47.29477 7.73940,47.29504 7.73716,47.29424 7.73540,47.29176 7.72340,47.29344 7.71540,47.29546 7.71140,47.29420 7.70930,47.29600 7.70632,47.29708 7.70437,47.29697 7.70365,47.30025 7.70001,47.30062 7.69944,47.30396 7.69863,47.30400 7.69932,47.30392 7.69881,47.30000 7.70121,47.29781 7.70188,47.29600 7.70324,47.28416 7.70114,47.28226 7.69777,47.28163 7.69579,47.27961 7.69140,47.27914 7.68614,47.27726 7.68158,47.27382 7.67275,47.27200 7.67451,47.27111 7.67669,47.26800 7.66740,47.26461 7.66009,47.26469 7.65624,47.26484 7.65332,47.26592 7.65140,47.26802 7.64847,47.26907 7.64340,47.26911 7.63775,47.26565 7.63240,47.25900 7.62642,47.25698 7.62340,47.25489 7.61438,47.25498 7.61135,47.25605 7.60467,47.25073 7.59753,47.24800 7.59763,47.24400 7.59664,47.24275 7.59540,47.24209 7.59377,47.24237 7.59199,47.24459 7.59079,47.24460 7.58926,47.23814 7.58740,47.23636 7.58337,47.23603 7.58522,47.23382 7.58449,47.23091 7.57647,47.22800 7.57432,47.22000 7.57318,47.21822 7.57140,47.21745 7.56891,47.21751 7.56633,47.21893 7.56238,47.21898 7.56108,47.22000 7.56395,47.22345 7.56405,47.22735 7.56837,47.22800 7.56740,47.23152 7.56340,47.23007 7.56080,47.22660 7.55540,47.22466 7.55247,47.22507 7.55140,47.23138 7.55107,47.22433 7.54260,47.22480 7.53940,47.22167 7.53387,47.22247 7.53140,47.22635 7.52740,47.22669 7.52638,47.22502 7.52340,47.22411 7.51404,47.22664 7.51221,47.22800 7.50925,47.22800 7.51017,47.22677 7.50924,47.22216 7.50496,47.21844 7.49917,47.21600 7.49618,47.21200 7.49682,47.20942 7.49908,47.20800 7.50305,47.20835 7.51096,47.20756 7.51248,47.20508 7.51766,47.20226 7.51899,47.20000 7.51649,47.19891 7.50740,47.19721 7.50171,47.19769 7.50040,47.19700 7.49940,47.19829 7.49540,47.19725 7.49459,47.19600 7.49237,47.19503 7.48740,47.19527 7.48340,47.19437 7.48205,47.18935 7.47940,47.18866 7.47140,47.18866 7.46740,47.18548 7.45940,47.18512 7.45721,47.18219 7.45540,47.18127 7.44893,47.18153 7.44740,47.18304 7.44533,47.18207 7.44405,47.17935 7.44192,47.17748 7.43940,47.17694 7.43140,47.17733 7.42740,47.17661 7.41644,47.17704 7.41198,47.18058 7.41140,47.18259 7.40780,47.18000 7.41034,47.17894 7.40935,47.17405 7.40740,47.17303 7.40340,47.17367 7.39886,47.17254 7.39126,47.17214 7.39116,47.16824 7.37140,47.16952 7.36957,47.17017 7.36740,47.17229 7.36399,47.17259 7.35940,47.17072 7.34340,47.17001 7.33140,47.17039 7.31540,47.17315 7.31492,47.17248 7.30740,47.17216 7.30603,47.16936 7.29940,47.16867 7.29778,47.16562 7.29540,47.16469 7.28264,47.16476 7.28114,47.16226 7.27940,47.16137 7.26574,47.16235 7.26367,47.16400 7.26340,47.16805 7.26010,47.17270 7.25404,47.17464 7.25140,47.17681 7.24843,47.17703 7.24740,47.17855 7.24701,47.17561 7.24869,47.17200 7.24740,47.16725 7.25140,47.16698 7.25540,47.16554 7.25784,47.16244 7.25831,47.15709 7.25379,47.15600 7.25513,47.15573 7.25653,47.15313 7.25631,47.15109 7.25403,47.14937 7.25035,47.14905 7.24799,47.14741 7.24340,47.14648 7.23940,47.14475 7.23719,47.14220 7.23466,47.14074 7.23363,47.13777 7.23140,47.13691 7.22740,47.13735 7.22570,47.13370 7.22340,47.13280 7.21553,47.13200 7.21451,47.12889 7.21106,47.12834 7.21041,47.12499 7.20645,47.12400 7.20577,47.12163 7.19940,47.12017 7.19867,47.11673 7.19587,47.11647 7.19461,47.11521 7.19540,47.11249 7.19738,47.11401 7.20340,47.11418 7.20622,47.11718 7.20906,47.11834 7.21052,47.12088 7.21540,47.12138 7.21714,47.12226 7.21869,47.12471 7.22153,47.12587 7.22283,47.12857 7.22740,47.12874 7.22830,47.12310 7.22294,47.11646 7.22380,47.11160 7.22070,47.11070 7.21509,47.10031 7.21540,47.09845 7.21563,47.09977 7.21856,47.09916 7.22370,47.10000 7.22703,47.10436 7.22783,47.10443 7.23140,47.10130 7.23540,47.10220 7.24006,47.10066 7.24171,47.09600 7.23940,47.09060 7.23319,47.08620 7.22791,47.08400 7.23006,47.07600 7.22433,47.07107 7.22340,47.07067 7.21918,47.07178 7.21140,47.06988 7.20968,47.07028 7.20740,47.07340 7.20594,47.07345 7.20340,47.07268 7.20093,47.07047 7.19791,47.06549 7.19605,47.06400 7.19824,47.06284 7.20740,47.06141 7.21140,47.06196 7.21396,47.06000 7.21140,47.05553 7.20826,47.04400 7.20550,47.04190 7.20414,47.03926 7.19405,47.03865 7.18740,47.04079 7.18340,47.04091 7.18147,47.04207 7.17983,47.04443 7.18054,47.05086 7.18398,47.05200 7.18428,47.05512 7.18756,47.05616 7.18508,47.05768 7.18340,47.05770 7.17900,47.05600 7.17686,47.05054 7.17140,47.05015 7.16740,47.04861 7.16402,47.04862 7.16340,47.04918 7.15946,47.04800 7.16641,47.04701 7.16781,47.04359 7.16639,47.04101 7.16340,47.03969 7.16192,47.03748 7.15425,47.03315 7.15242,47.03098 7.14336,47.02804 7.13940,47.02551 7.13036,47.02400 7.12740,47.02168 7.12340,47.02145 7.12155,47.02215 7.11907,47.02400 7.11760,47.02800 7.12000,47.03140 7.12429,47.03511 7.12499,47.03841 7.12740,47.03952 7.13203,47.04000 7.12340,47.04163 7.12077,47.03863 7.11940,47.03826 7.10740,47.03870 7.10232,47.04292 7.10131,47.04591 7.09940,47.04750 7.09540,47.04553 7.08991,47.04548 7.08474,47.04400 7.09028,47.04288 7.08967,47.03773 7.08526,47.03414 7.07940,47.03209 7.07824,47.02916 7.07123,47.02817 7.07047,47.02493 7.06657,47.02400 7.06626,47.02114 7.06108,47.01832 7.05540,47.01725 7.05018,47.01879 7.04853,47.02400 7.04908,47.02632 7.05247,47.02800 7.05140,47.02992 7.05052,47.02888 7.04866,47.02927 7.04378,47.02800 7.03823,47.02517 7.03213,47.02473 7.03140,47.02565 7.02895,47.02555 7.02626,47.02514 7.02442,47.02400 7.02385,47.02000 7.02625,47.01885 7.03140,47.01829 7.03540,47.01652 7.03940,47.01854 7.04173,47.01600 7.04557,47.01417 7.04865,47.00675 7.04711,47.00400 7.05039,47.00299 7.05140,46.99803 7.05260,46.99721 7.05540,46.99609 7.06098,46.99842 7.06340,46.99873 7.06530,46.99790 7.06634,46.99600 7.06587,46.99353 7.06313,46.99227 7.06323,46.98816 7.06242,46.98800 7.06333,46.98793 7.06724,46.98400 7.06854,46.98800 7.07140,46.99132 7.08170,46.99030 7.08340,46.98784 7.08603,46.99200 7.09461,46.99279 7.09955,46.99215 7.10508,46.98800 7.10740,46.98728 7.10991,46.98400 7.10740,46.97717 7.10340,46.97596 7.09945,46.98005 7.09540,46.97885 7.09140,46.97721 7.08991,46.97349 7.08382,46.97200 7.08205,46.96935 7.08340,46.96445 7.08577,46.96238 7.08740,46.96167 7.08893,46.96247 7.09140,46.96251 7.09540,46.96179 7.09891,46.96000 7.09344,46.95796 7.09140,46.95485 7.08731,46.95600 7.08525,46.95785 7.08340,46.95837 7.07978,46.95562 7.07561,46.95621 7.07170,46.95570 7.06740,46.95217 7.06360,46.95180 7.06247,46.94893 7.06083,46.94943 7.05636,46.94800 7.05562,46.94400 7.05346,46.94194 7.05255,46.93885 7.04740,46.93744 7.04533,46.93407 7.04173,46.93200 7.04242,46.92702 7.04423,46.92717 7.04626,46.92914 7.05140,46.93027 7.05443,46.93297 7.05940,46.93319 7.06127,46.93413 7.06273,46.93667 7.06557,46.93783 7.06740,46.94077 7.07940,46.94069 7.08201,46.94138 7.08340,46.94456 7.09433,46.94507 7.09540,46.94846 7.10647,46.94893 7.10712,46.95228 7.11460,46.95280 7.11540,46.95637 7.11685,46.95345 7.11940,46.95273 7.12195,46.95345 7.12340,46.95639 7.12482,46.95342 7.12777,46.95237 7.12848,46.94908 7.13175,46.94835 7.13168,46.94400 7.12395,46.94344 7.12340,46.93973 7.11599,46.93941 7.11559,46.93581 7.11197,46.93543 7.11159,46.93181 7.10405,46.93135 7.10362,46.92778 7.10011,46.92729 7.09940,46.92365 7.09184,46.92356 7.08854,46.92286 7.08770,46.91970 7.08425,46.91914 7.08340,46.91559 7.07263,46.91477 7.07174,46.91165 7.06839,46.91101 7.06740,46.90746 7.04740,46.90705 7.04039,46.91299 7.03940,46.91348 7.03540,46.91207 7.03114,46.91574 7.03373,46.92167 7.03649,46.92400 7.03540,46.92543 7.03492,46.92448 7.03255,46.92515 7.02286,46.92454 7.01831,46.92291 7.01579,46.92361 7.01540,46.92312 7.01495,46.92444 7.01638,46.92800 7.01540,46.92929 7.01516,46.92824 7.01215,46.92875 7.00788,46.92800 7.00230,46.92510 7.00073,46.92267 6.99940,46.92219 6.99540,46.92299 6.99294,46.92246 6.99140,46.92075 6.99005,46.92265 6.98624,46.92400 6.98762,46.92778 6.98358,46.93200 6.98340,46.93602 6.98203,46.93337 6.98128,46.93388 6.97838,46.93302 6.97273,46.92267 6.97140,46.92093 6.96920,46.92000 6.97173,46.91633 6.97350,46.91600 6.97278,46.91462 6.97140,46.91524 6.96869,46.90800 6.97004,46.90664 6.97073,46.90000 6.96938,46.89802 6.96654,46.89686 6.96609,46.89600 6.97026,46.88800 6.96748,46.88392 6.96244,46.88096 6.95940,46.87813 6.95789,46.87849 6.95540,46.88070 6.95199,46.88000 6.95156,46.87584 6.94984,46.87356 6.94701,46.87200 6.95140,46.87074 6.95187,46.87153 6.95564,46.87176 6.95740,46.87400 6.95940,46.87474 6.96740,46.87410 6.97140,46.87485 6.97289,46.87349 6.97208,46.87131 6.96740,46.87123 6.96559,46.86981 6.96461,46.86679 6.95795,46.86545 6.95540,46.86245 6.95140,46.86339 6.94951,46.86189 6.94848,46.85892 6.94340,46.85814 6.94081,46.85459 6.93792,46.85348 6.93642,46.85098 6.93343,46.84997 6.93180,46.84760 6.92933,46.84607 6.92582,46.84558 6.92161,46.84179 6.92018,46.83922 6.91714,46.83826 6.91540,46.83563 6.91140,46.83515 6.90740,46.83118 6.90289,46.83200 6.90476,46.83464 6.90552,46.83788 6.90740,46.83891 6.91252,46.83888 6.91351,46.84189 6.91576,46.84364 6.91540,46.84720 6.91383,46.84557 6.91140,46.84528 6.90946,46.84606 6.90740,46.84928 6.90581,46.84559 6.90281,46.84459 6.89834,46.84106 6.89140,46.83964 6.88718,46.84022 6.88340,46.83893 6.87940,46.83873 6.87540,46.84079 6.86340,46.84108 6.85950,46.84410 6.85937,46.84797 6.85719,46.84979 6.85140,46.85061 6.83999,46.84000 6.84298,46.83958 6.84340,46.83868 6.84740,46.83712 6.84884,46.83856 6.85140,46.83893 6.85540,46.83600 6.85288,46.83452 6.84960,46.83380 6.84740,46.83061 6.84340,46.83101 6.83940,46.83050 6.83800,46.82940 6.83695,46.82645 6.83540,46.82563 6.82288,46.82452 6.82146,46.82194 6.81888,46.82052 6.81827,46.81712 6.81507,46.81633 6.81461,46.81279 6.80740,46.81242 6.80676,46.80864 6.80325,46.80815 6.80306,46.80434 6.79540,46.80408 6.79536,46.80004 6.79103,46.80000 6.79542,46.79998 6.79559,46.80381 6.80353,46.80387 6.80388,46.80752 6.80761,46.80779 6.80802,46.81138 6.81581,46.81159 6.81689,46.81451 6.81995,46.81545 6.82125,46.81815 6.82410,46.81930 6.82550,46.82190 6.82740,46.82278 6.83940,46.82232 6.84340,46.82589 6.85140,46.82545 6.85365,46.82975 6.85540,46.83059 6.86055,46.82800 6.86079,46.81739 6.86180,46.81600 6.86565,46.81425 6.86740,46.81196 6.87059,46.81281 6.87294,46.81600 6.86889,46.81749 6.86741,46.82001 6.86812,46.82800 6.87140,46.83011 6.87280,46.82940 6.87417,46.82677 6.88402,46.82462 6.88411,46.81929 6.88254,46.81514 6.88489,46.81200 6.88740,46.81114 6.88989,46.81200 6.89558,46.81582 6.91140,46.81505 6.91654,46.81314 6.91940,46.80916 6.92180,46.80800 6.92340,46.80473 6.92452,46.80687 6.93178,46.80800 6.92911,46.81200 6.93140,46.81482 6.93774,46.81434 6.93940,46.81325 6.94213,46.82000 6.94167,46.82227 6.93940,46.82381 6.93712,46.82800 6.93707,46.83600 6.93164,46.84000 6.93540,46.84051 6.93805,46.84535 6.94057,46.84683 6.94177,46.84963 6.94457,46.85083 6.94600,46.85340 6.94740,46.85408 6.95140,46.85347 6.95314,46.85426 6.95445,46.85695 6.95940,46.85795 6.96060,46.85880 6.96182,46.86158 6.96340,46.86235 6.96740,46.86256 6.96955,46.86584 6.97140,46.86675 6.97656,46.86683 6.97791,46.86949 6.97940,46.87022 6.98740,46.87021 6.99140,46.87288 6.99457,46.87117 6.99810,46.86669 7.00084,46.86544 7.00056,46.86283 6.99540,46.86145 6.99140,46.85819 6.98740,46.85864 6.98232,46.85708 6.97698,46.84242 6.97431,46.84109 6.97075,46.84065 6.96924,46.83816 6.96393,46.83600 6.96126,46.83200 6.96449,46.82800 6.96748,46.82791 6.96886,46.83053 6.97201,46.83139 6.97345,46.83395 6.97617,46.83523 6.97773,46.83767 6.98354,46.83986 6.98740,46.84253 6.99882,46.83542 7.00459,46.83481 7.00652,46.83600 7.00450,46.83709 7.00463,46.84000 7.00579,46.84160 7.01119,46.84421 7.01540,46.84469 7.02226,46.84286 7.02593,46.83853 7.02740,46.83798 7.04520,46.83780 7.04627,46.83600 7.03540,46.83376 7.03305,46.83035 7.03140,46.82933 7.02559,46.82800 7.03504,46.82764 7.03810,46.82670 7.04340,46.82289 7.04740,46.82543 7.05540,46.82369 7.05744,46.82596 7.05940,46.82628 7.06455,46.82515 7.06740,46.82202 7.07088,46.82852 7.07423,46.82800 7.07258,46.82000 7.07573,46.81567 7.07140,46.81025 7.06563,46.80800 7.06940,46.80600 7.07140,46.80288 7.07940,46.80135 7.08340,46.80253 7.08485,46.79745 7.09140,46.79650 7.09140,46.79554 7.08306,46.79566 7.08162,46.79822 7.07940,46.79911 7.07540,46.79822 7.06740,46.79898 7.06574,46.79766 7.06552,46.79600 7.06340,46.79446 7.06220,46.79480 7.06060,46.79720 7.05540,46.79809 7.04963,46.79777 7.04528,46.79412 7.03940,46.79236 7.03454,46.79514 7.03326,46.79786 7.02740,46.80277 7.02380,46.80000 7.02568,46.79428 7.02812,46.79272 7.02740,46.79126 7.01897,46.79157 7.01681,46.79341 7.01540,46.79349 7.01106,46.79234 7.00902,46.78800 7.00740,46.78686 7.00430,46.78890 7.00260,46.78880 6.99940,46.78651 6.99540,46.78771 6.99356,46.78584 6.99140,46.78501 6.98856,46.78516 6.98740,46.78611 6.98115,46.78400 6.99808,46.78268 6.99930,46.78000 6.99853,46.77687 6.99130,46.77600 6.99370,46.77430 6.99540,46.77414 6.99645,46.77495 7.00340,46.77387 7.00805,46.77535 7.00968,46.77772 7.01140,46.77837 7.01338,46.77798 7.01540,46.77640 7.01940,46.77779 7.02234,46.78106 7.02930,46.78210 7.03047,46.78307 7.03140,46.78164 7.03149,46.77991 7.02961,46.77779 7.02502,46.77600 7.02831,46.77291 7.02816,46.77124 7.02740,46.77070 7.01940,46.77121 7.01502,46.76438 7.01256,46.76516 7.00641,46.76400 7.00534,46.76206 7.00155,46.76000 7.00340,46.75742 7.01540,46.75874 7.01715,46.75775 7.01827,46.75487 7.02235,46.75200 7.01940,46.75024 7.01540,46.74964 7.01347,46.75007 7.01140,46.75220 7.00782,46.75158 7.00580,46.74800 7.00340,46.74662 6.99940,46.74670 6.99707,46.74233 6.99486,46.74054 6.99225,46.74000 6.99540,46.73847 7.00340,46.73725 7.01080,46.74060 7.01564,46.74024 7.01540,46.73918 7.01326,46.73814 7.01140,46.73590 7.01540,46.73460 7.01596,46.73544 7.02222,46.73483 7.02331,46.73191 7.02735,46.73205 7.03003,46.73737 7.03052,46.74487 7.03940,46.74740 7.04521,46.75419 7.05940,46.75895 7.06340,46.75747 7.06502,46.75762 7.06717,46.75577 7.07019,46.75479 7.07289,46.74800 7.07272,46.74668 7.07059,46.74480 7.06498,46.74242 7.05940,46.74192 7.05694,46.73846 7.04740,46.73444 7.04651,46.73289 7.04310,46.73230 7.04135,46.73005 7.03940,46.72916 7.03421,46.72919 7.03293,46.72647 7.03140,46.72545 7.02891,46.72551 7.02740,46.72655 7.02703,46.72437 7.02521,46.72400 7.02906,46.72166 7.02949,46.72000 7.02708,46.71568 7.02821,46.71200 7.03059,46.71119 7.03161,46.70421 7.03548,46.70400 7.03669,46.70671 7.03940,46.70689 7.04117,46.70623 7.04206,46.70800 7.03714,46.70974 7.03621,46.71200 7.03793,46.71347 7.04740,46.71398 7.04864,46.71325 7.04837,46.71103 7.04155,46.70585 7.04189,46.70400 7.04687,46.70347 7.04740,46.70208 7.05558,46.69982 7.05657,46.70000 7.05768,46.70172 7.05940,46.70218 7.06032,46.70400 7.06217,46.70523 7.06340,46.70598 7.06495,46.70555 7.06954,46.70214 7.07548,46.70000 7.07662,46.69322 7.07938,46.69198 7.07892,46.68848 7.08015,46.68475 7.07976,46.68364 7.07702,46.68238 7.07566,46.67974 7.07330,46.67810 7.07241,46.67600 7.07304,46.66800 7.07000,46.66540 7.06945,46.66000 7.06578,46.65600 7.06500,46.65040 7.05855,46.64885 7.05710,46.64629 7.05447,46.64493 7.05309,46.64231 7.05048,46.64092 7.04920,46.63820 7.04340,46.63661 7.04099,46.63041 7.03940,46.62956 7.03540,46.62923 7.03369,46.62571 7.03077,46.62463 7.01908,46.62432 7.01838,46.62102 6.99288,46.62000 7.01940,46.61944 7.02113,46.62227 7.02340,46.62304 7.03540,46.62275 7.03940,46.62579 7.04340,46.62466 7.04921,46.63019 7.05188,46.63152 7.05771,46.63769 7.05851,46.64089 7.06107,46.64233 7.06226,46.64514 7.06740,46.64578 7.06879,46.64661 7.06937,46.65200 7.07006,46.65334 7.07268,46.65471 7.07429,46.66111 7.07683,46.66257 7.07766,46.66400 7.07879,46.67261 7.08128,46.67412 7.08264,46.67675 7.08853,46.67887 7.09009,46.68131 7.09540,46.68214 7.09743,46.68597 7.10179,46.68800 7.09940,46.68951 7.09712,46.69372 7.09540,46.69458 7.09448,46.69908 7.09135,46.69995 7.09043,46.70400 7.09318,46.70622 7.09540,46.71105 7.09802,46.71338 7.10071,46.71331 7.10198,46.71058 7.10340,46.70893 7.10448,46.70908 7.10469,46.70800 7.10264,46.70476 7.10268,46.70328 7.10595,46.70255 7.10843,46.70103 7.11078,46.69938 7.11140,46.69788 7.11365,46.70175 7.11613,46.70400 7.11426,46.70686 7.11361,46.71200 7.11700,46.71440 7.11826,46.71714 7.12740,46.72381 7.13198,46.72342 7.13505,46.72400 7.14051,46.72689 7.14002,46.72862 7.13140,46.73056 7.12340,46.73006 7.11691,46.72649 7.11540,46.72397 7.11416,46.72676 7.11093,46.72754 7.10983,46.73043 7.10670,46.73200 7.10902,46.73600 7.10471,46.73731 7.10224,46.74000 7.10427,46.74313 7.10606,46.74400 7.10579,46.74800 7.10740,46.74979 7.11239,46.74899 7.11540,46.74597 7.12337,46.74403 7.12610,46.74800 7.12340,46.75137 7.12183,46.74957 7.11940,46.74931 7.11777,46.75037 7.11651,46.75311 7.10641,46.75600 7.10884,46.76000 7.11540,46.76313 7.12088,46.76252 7.12340,46.76606 7.12678,46.76800 7.12415,46.77275 7.12657,46.78082 7.13140,46.78115 7.13340,46.78200 7.13540,46.78475 7.14356,46.78416 7.14203,46.78000 7.14740,46.77711 7.15140,46.77733 7.15350,46.77600 7.15140,46.77298 7.14832,46.77200 7.15140,46.77044 7.15238,46.77101 7.15540,46.77083 7.15719,46.76979 7.15940,46.76659 7.16340,46.76553 7.17140,46.76767 7.17295,46.77045 7.17540,46.77126 7.18046,46.77094 7.18292,46.77200 7.17370,46.77430 7.17205,46.77600 7.17136,46.77996 7.17708,46.78232 7.18066,46.78274 7.18227,46.78513 7.18340,46.78530 7.18488,46.78400 7.18473,46.78267 7.18232,46.78108 7.18340,46.77746 7.18901,46.77839 7.19139,46.77999 7.19283,46.77743 7.19140,46.77060 7.18749,46.77209 7.18584,46.77200 7.18680,46.77140 7.18597,46.76800 7.19092,46.76752 7.19343,46.76602 7.19540,46.76276 7.19940,46.76475 7.20243,46.76303 7.20777,46.76363 7.20475,46.76535 7.20175,46.77435 7.20238,46.77702 7.20491,46.77751 7.20844,46.77704 7.21140,46.77451 7.21540,46.77422 7.21800,46.77200 7.21786,46.77046 7.21947,46.76793 7.21784,46.76555 7.21815,46.76125 7.21600,46.76000 7.21966,46.75974 7.22340,46.76199 7.22593,46.76547 7.22920,46.76620 7.23140,46.76637 7.23661,46.76521 7.24026,46.76314 7.24238,46.76400 7.24490,46.76650 7.25094,46.76800 7.24340,46.76938 7.23520,46.77200 7.23940,46.77334 7.24330,46.77600 7.24421,46.78081 7.24327,46.78400 7.24605,46.78800 7.24410,46.78870 7.24456,46.79200 7.24570,46.79370 7.24740,46.79446 7.24925,46.79385 7.25140,46.79104 7.25540,46.79022 7.25940,46.78803 7.26063,46.78400 7.26246,46.78306 7.26621,46.78281 7.27140,46.78120 7.27540,46.77718 7.28340,46.77388 7.28529,46.77410 7.28683,46.77600 7.28508,46.77768 7.28340,46.78219 7.27858,46.78800 7.28101,46.79200 7.27769,46.79429 7.27540,46.79990 7.26740,46.80235 7.26340,46.80239 7.26239,46.80299 7.26074,46.80800 7.26144,46.80996 7.26340,46.81059 7.26740,46.80658 7.27540,46.81114 7.27873,46.81133 7.28340,46.81033 7.28740,46.81174 7.29140,46.81034 7.29940,46.80557 7.30418,46.80478 7.30740,46.80562 7.30788,46.80752 7.30977,46.80800 7.31199,46.81141 7.31344,46.81200 7.31344,46.82000 7.31540,46.82207 7.31975,46.82035 7.31998,46.81600 7.32395,46.81145 7.32202,46.80538 7.32151,46.79789 7.31671,46.79600 7.31644,46.79200 7.31797,46.78800 7.31761,46.77821 7.31940,46.77611 7.31998,46.77942 7.32160,46.78180 7.32340,46.78254 7.32513,46.78627 7.32914,46.78800 7.33038,46.79200 7.32831,46.79600 7.33014,46.79726 7.33073,46.80067 7.33234,46.80094 7.33452,46.80000 7.33540,46.79802 7.34340,46.79708 7.34474,46.79866 7.34617,46.80400 7.35140,46.80577 7.35208,46.80332 7.35005,46.80000 7.35034,46.79894 7.35274,46.79734 7.35374,46.79200 7.35317,46.79023 7.34983,46.78800 7.34884,46.78400 7.35062,46.78322 7.35140,46.77917 7.35540,46.77938 7.35641,46.78299 7.36220,46.78400 7.36026,46.78486 7.35806,46.78800 7.36340,46.79433 7.36740,46.79354 7.36866,46.79874 7.37101,46.80000 7.36918,46.80400 7.37047,46.80493 7.37140,46.80533 7.37361,46.80400 7.37256,46.80000 7.38193,46.79853 7.38340,46.79656 7.38494,46.79846 7.38579,46.80400 7.38740,46.80549 7.39140,46.80256 7.39540,46.80334 7.40048,46.80292 7.40565,46.80800 7.40340,46.80945 7.40287,46.80853 7.39540,46.80822 7.39015,46.81075 7.38904,46.81200 7.39152,46.81600 7.39140,46.81726 7.38740,46.82700 7.38340,46.82584 7.37940,46.82652 7.37540,46.82614 7.36826,46.82314 7.36604,46.82400 7.36437,46.82800 7.36993,46.83346 7.37459,46.83600 7.37582,46.84358 7.37940,46.84472 7.38340,46.84476 7.38473,46.85067 7.39077,46.85263 7.39530,46.85190 7.39540,46.85097 7.39598,46.85142 7.39760,46.85020 7.40101,46.84961 7.40340,46.84645 7.41095,46.84755 7.41540,46.84670 7.41871,46.84800 7.42203,46.85337 7.42740,46.85439 7.43766,46.85026 7.43940,46.84873 7.44340,46.85077 7.44740,46.85047 7.45000,46.84800 7.44980,46.84640 7.45140,46.84546 7.45688,46.84548 7.45610,46.84330 7.45140,46.84238 7.45006,46.84266 7.44866,46.84526 7.44308,46.84432 7.44265,46.84325 7.44416,46.84000 7.44246,46.83906 7.43939,46.84001 7.43844,46.83600 7.43940,46.83363 7.44008,46.83532 7.44740,46.83368 7.45140,46.83396 7.45540,46.83311 7.45613,46.83127 7.45140,46.82934 7.44740,46.82959 7.44267,46.82873 7.43903,46.82437 7.43629,46.82400 7.43297,46.82243 7.42740,46.82198 7.42212,46.81728 7.41900,46.81639 7.41752,46.81388 7.41473,46.81200 7.41540,46.81036 7.42340,46.80928 7.42655,46.80715 7.43487,46.80853 7.43559,46.81219 7.43677,46.80936 7.44340,46.80577 7.44740,46.80572 7.45035,46.80905 7.45140,46.80929 7.45540,46.80488 7.45963,46.80400 7.45785,46.80000 7.46205,46.79865 7.46309,46.79600 7.46208,46.79332 7.45808,46.79200 7.45940,46.79165 7.46108,46.78968 7.46068,46.78672 7.45940,46.78602 7.45540,46.78632 7.45420,46.78520 7.45102,46.78438 7.43856,46.78400 7.44203,46.77600 7.44340,46.77544 7.44549,46.77791 7.44843,46.77896 7.45799,46.78000 7.46157,46.78183 7.46811,46.78329 7.47435,46.78295 7.47540,46.78105 7.47940,46.78180 7.48340,46.78144 7.48534,46.78205 7.48748,46.78400 7.48712,46.78828 7.49543,46.78803 7.49177,46.78763 7.49248,46.78400 7.49736,46.78196 7.49892,46.78000 7.49769,46.77770 7.49285,46.77600 7.49317,46.77200 7.49001,46.76938 7.48952,46.76800 7.49023,46.76400 7.49621,46.76319 7.49881,46.76459 7.49980,46.76440 7.49998,46.76342 7.49811,46.76129 7.49842,46.76000 7.50169,46.75829 7.50305,46.75600 7.50349,46.75200 7.50575,46.75035 7.50740,46.75045 7.51215,46.74874 7.51940,46.73748 7.52663,46.73600 7.52578,46.73362 7.52627,46.73087 7.52740,46.72927 7.52855,46.72915 7.52823,46.72800 7.53022,46.72400 7.53407,46.72267 7.53794,46.71854 7.54094,46.71754 7.54340,46.71382 7.54374,46.71566 7.55807,46.71466 7.55940,46.71185 7.56878,46.70938 7.56998,46.70658 7.57140,46.70552 7.57240,46.70700 7.57890,46.70750 7.57940,46.70387 7.59413,46.70273 7.59710,46.70170 7.59896,46.69956 7.60575,46.69835 7.60889,46.69600 7.60984,46.69200 7.60933,46.69007 7.60544,46.68800 7.61168,46.68771 7.61540,46.68898 7.61904,46.68764 7.62340,46.68807 7.62940,46.68600 7.63033,46.68400 7.62971,46.68169 7.62740,46.67962 7.62023,46.67917 7.61940,46.67556 7.60412,46.67528 7.59940,46.67431 7.59767,46.67200 7.59540,46.67102 7.58340,46.67126 7.58081,46.67059 7.57940,46.66737 7.57594,46.66854 7.57140,46.66893 7.56592,46.66800 7.55540,46.66491 7.55140,46.66253 7.54325,46.66000 7.55540,46.65838 7.55616,46.65924 7.55855,46.65915 7.56090,46.66000 7.56182,46.66157 7.56340,46.66220 7.56740,46.66189 7.57274,46.65600 7.57140,46.64780 7.57480,46.64740 7.57598,46.64800 7.57770,46.65370 7.58576,46.65764 7.59140,46.65821 7.59540,46.66207 7.60740,46.66326 7.61038,46.66298 7.61140,46.66150 7.61455,46.66085 7.61940,46.66218 7.62340,46.66013 7.62529,46.66211 7.63140,46.66470 7.63540,46.66367 7.64013,46.66473 7.65140,46.66470 7.66340,46.66676 7.66601,46.66662 7.66729,46.66400 7.67084,46.66344 7.67079,46.65939 7.67200,46.65600 7.67540,46.65443 7.67940,46.64963 7.68531,46.64591 7.68669,46.64400 7.68639,46.63899 7.68800,46.63600 7.68719,46.63200 7.68475,46.62800 7.68411,46.62329 7.68340,46.62281 7.67940,46.62353 7.67687,46.61853 7.67089,46.61651 7.66672,46.61200 7.66508,46.60800 7.66547,46.60607 7.66740,46.60430 7.66803,46.60737 7.67056,46.60716 7.67264,46.60800 7.67376,46.60964 7.67643,46.61097 7.67794,46.61346 7.67940,46.61398 7.68789,46.61200 7.69331,46.61409 7.69556,46.61616 7.69940,46.61144 7.70150,46.62000 7.69863,46.62400 7.70327,46.62800 7.69962,46.63200 7.70083,46.63457 7.70294,46.63646 7.70074,46.64400 7.70226,46.64914 7.70614,46.65326 7.71140,46.65537 7.71714,46.65600 7.71688,46.66148 7.71540,46.66081 7.71341,46.66400 7.71748,46.66400 7.71757,46.66217 7.71940,46.66146 7.71988,46.66048 7.72848,46.66107 7.74013,46.66073 7.74340,46.65699 7.75421,46.65481 7.75540,46.65181 7.76695,46.65155 7.76740,46.65101 7.78367,46.65173 7.78433,46.65507 7.78796,46.65600 7.78768,46.65971 7.79054,46.66000 7.78740,46.66040 7.78521,46.65818 7.77940,46.65743 7.75540,46.65905 7.75369,46.66229 7.75140,46.66315 7.74271,46.66331 7.74207,46.66667 7.73940,46.66734 7.72740,46.66745 7.72639,46.67099 7.71902,46.67162 7.71760,46.67420 7.71479,46.67539 7.70707,46.67567 7.70647,46.68307 7.70532,46.68592 7.70340,46.68688 7.69940,46.68666 7.69540,46.68738 7.69395,46.69055 7.69091,46.69151 7.68963,46.69422 7.68676,46.69536 7.67903,46.69563 7.67740,46.69800 7.67467,46.69927 7.66309,46.69969 7.66206,46.70666 7.65503,46.70764 7.65425,46.71085 7.64703,46.71163 7.64572,46.71832 7.64276,46.71936 7.63898,46.71958 7.63466,46.72326 7.63140,46.72350 7.63099,46.72800 7.63228,46.72888 7.63452,46.72888 7.63515,46.74025 7.64740,46.74038 7.64822,46.73682 7.65168,46.73628 7.65227,46.73287 7.65576,46.73236 7.65682,46.72942 7.66394,46.72854 7.66521,46.72581 7.66740,46.72490 7.67614,46.72474 7.67755,46.72215 7.68031,46.72091 7.68179,46.71839 7.68458,46.71718 7.68740,46.71410 7.69274,46.71466 7.69682,46.71600 7.69446,46.72000 7.69233,46.72093 7.69027,46.72400 7.68494,46.72554 7.68368,46.72828 7.68039,46.72899 7.67940,46.73152 7.67280,46.73740 7.66766,46.74000 7.66607,46.74267 7.66533,46.74207 7.66227,46.74287 7.66181,46.74559 7.66340,46.74775 7.66740,46.74438 7.66960,46.74580 7.67540,46.74692 7.67940,46.74419 7.69477,46.74800 7.69389,46.75200 7.69540,46.75238 7.69756,46.75600 7.69728,46.76000 7.69475,46.76465 7.69617,46.76800 7.69940,46.77054 7.70025,46.77515 7.70509,46.77600 7.70740,46.77772 7.71140,46.77799 7.71933,46.78000 7.71234,46.78094 7.70740,46.78066 7.70477,46.78137 7.70340,46.78372 7.69940,46.78285 7.69823,46.78117 7.69206,46.78066 7.69000,46.78260 7.68879,46.78540 7.68557,46.78617 7.68332,46.78808 7.68740,46.78945 7.69540,46.78882 7.69649,46.79091 7.70209,46.79069 7.70340,46.78925 7.71540,46.79154 7.72497,46.78957 7.72740,46.78757 7.73542,46.78800 7.73387,46.79200 7.73661,46.79478 7.73968,46.79572 7.73940,46.80117 7.73802,46.79738 7.73540,46.79713 7.72978,46.79838 7.72747,46.80007 7.72044,46.80105 7.71758,46.80218 7.71631,46.80400 7.71579,46.80800 7.71281,46.80659 7.71041,46.80701 7.70729,46.81189 7.70848,46.81600 7.70740,46.81700 7.70340,46.81756 7.70231,46.81891 7.70192,46.82148 7.70496,46.82244 7.70740,46.82549 7.70939,46.82601 7.71140,46.82797 7.70930,46.82990 7.70894,46.83200 7.70957,46.83383 7.71226,46.83600 7.70493,46.83753 7.70296,46.84000 7.70630,46.84510 7.70939,46.84601 7.71117,46.84823 7.71378,46.84962 7.71940,46.85085 7.72165,46.85375 7.72740,46.85510 7.73422,46.85482 7.73540,46.85119 7.73847,46.85107 7.73940,46.84861 7.74043,46.85097 7.74340,46.85124 7.74381,46.85559 7.74596,46.85600 7.74039,46.85699 7.73940,46.85817 7.73140,46.85693 7.71770,46.85830 7.71272,46.86000 7.71140,46.86235 7.71077,46.86063 7.70852,46.86112 7.69940,46.86041 7.69773,46.85766 7.69540,46.85683 7.69293,46.85753 7.69140,46.85983 7.68740,46.85763 7.68550,46.85810 7.68340,46.86061 7.67931,46.86000 7.67909,46.85600 7.67540,46.85357 7.66740,46.85462 7.66340,46.85287 7.65540,46.85565 7.64885,46.85055 7.64340,46.85012 7.63994,46.84746 7.63656,46.84684 7.63269,46.84800 7.63410,46.85330 7.63645,46.85495 7.64107,46.85600 7.64340,46.86031 7.64566,46.85826 7.64865,46.85725 7.65540,46.85624 7.65940,46.85751 7.66297,46.86000 7.66125,46.86800 7.66340,46.86900 7.66740,46.86820 7.67538,46.87200 7.67416,46.87724 7.67566,46.88000 7.67782,46.88157 7.68340,46.88340 7.68614,46.88274 7.68740,46.88055 7.69152,46.87988 7.69792,46.88548 7.70340,46.88819 7.70802,46.88862 7.71140,46.88601 7.71652,46.88800 7.71560,46.88820 7.71457,46.89200 7.71679,46.89861 7.71940,46.89901 7.72444,46.89704 7.72740,46.89412 7.72905,46.89365 7.73140,46.88908 7.73322,46.89200 7.73140,46.89841 7.73050,46.90000 7.72621,46.90281 7.72482,46.90542 7.72183,46.90800 7.72476,46.91064 7.72592,46.91348 7.72740,46.91429 7.72938,46.91398 7.73140,46.91140 7.73283,46.91200 7.73618,46.91600 7.73762,46.92178 7.73940,46.92278 7.74140,46.92200 7.74340,46.91805 7.74740,46.91917 7.75037,46.91897 7.75110,46.91570 7.75207,46.91532 7.75458,46.91600 7.75230,46.91690 7.75206,46.92000 7.74824,46.92084 7.74673,46.92400 7.74235,46.92800 7.74322,46.93218 7.74787,46.93553 7.74740,46.94003 7.74529,46.93810 7.73940,46.93718 7.73689,46.93600 7.73329,46.93011 7.73140,46.92925 7.72871,46.92931 7.72740,46.93106 7.72571,46.92800 7.72222,46.92517 7.72145,46.92195 7.71807,46.91732 7.70512,46.91600 7.71011,46.91471 7.71202,46.91200 7.70939,46.91000 7.70613,46.90926 7.70455,46.90685 7.69940,46.90604 7.68740,46.90782 7.68818,46.91200 7.68997,46.91342 7.69540,46.91551 7.70089,46.91600 7.69834,46.91894 7.69843,46.92000 7.69371,46.92231 7.69241,46.92400 7.68970,46.93200 7.68989,46.93600 7.69375,46.93765 7.70480,46.94000 7.70029,46.94089 7.69940,46.94763 7.69629,46.94889 7.69540,46.95029 7.69354,46.95014 7.69252,46.95088 7.69002,46.94938 7.69140,46.94739 7.69167,46.94373 7.68340,46.94289 7.67940,46.94418 7.67540,46.94130 7.67140,46.94332 7.66645,46.94800 7.66947,46.94993 7.67140,46.95234 7.67540,46.95363 7.67940,46.95099 7.68504,46.95036 7.68688,46.95148 7.68740,46.95068 7.68891,46.95049 7.68942,46.95200 7.69094,46.95246 7.69177,46.95563 7.68982,46.96800 7.69140,46.96987 7.69301,46.96961 7.69466,46.96726 7.69577,46.96763 7.69449,46.97600 7.69491,46.98049 7.69624,46.98316 7.69540,46.98483 7.69140,46.98525 7.68723,46.98400 7.68597,46.98000 7.68340,46.97626 7.68006,46.97533 7.67749,46.97200 7.67540,46.97092 7.67089,46.97149 7.66740,46.97337 7.66340,46.97982 7.66130,46.98190 7.65828,46.98288 7.65940,46.98633 7.66340,46.98564 7.66632,46.98908 7.67574,46.98800 7.67706,46.99200 7.67669,46.99329 7.67433,46.99493 7.67540,46.99915 7.67940,46.99717 7.68340,47.00127 7.68745,47.00000 7.68884,47.00256 7.68810,47.00800 7.68453,47.00913 7.68340,47.01179 7.67887,47.01147 7.67693,47.01353 7.67250,47.01600 7.67442,47.02098 7.67688,47.02148 7.67940,47.01995 7.68340,47.02382 7.68597,47.02943 7.68936,47.03200 7.68927,47.03387 7.68740,47.03573 7.68550,47.03390 7.68261,47.03278 7.68088,47.03052 7.67799,47.03059 7.67540,47.03240 7.67330,47.03010 7.66740,47.02849 7.66340,47.03037 7.66091,47.02649 7.65540,47.02578 7.65433,47.02507 7.65140,47.02495 7.64762,47.02800 7.65134,47.03606 7.65613,47.03527 7.66439,47.03901 7.66802,47.04338 7.67202,47.04400 7.67540,47.04857 7.68340,47.05082 7.68508,47.05432 7.68740,47.05552 7.69134,47.05600 7.68740,47.05951 7.68589,47.05751 7.68126,47.05786 7.67864,47.06000 7.67888,47.06452 7.68454,47.06514 7.68740,47.06045 7.69049,47.06800 7.68863,47.07200 7.69875,47.07535 7.69940,47.07429 7.69966,47.07574 7.69620,47.07680 7.69540,47.07933 7.69372,47.07768 7.69033,47.07707 7.68489,47.07749 7.68107,47.08000 7.67940,47.08459 7.67540,47.08420 7.67269,47.08270 7.67044,47.08304 7.66766,47.08826 7.66522,47.08982 7.66482,47.09200 7.66174,47.09600 7.66340,47.09910 7.66422,47.09918 7.67078,47.09938 7.67569,47.09571 7.68340,47.10042 7.68740,47.09832 7.69140,47.09816 7.69232,47.09908 7.69540,47.09990 7.69940,47.09922 7.70525,47.10000 7.70124,47.10184 7.69940,47.10629 7.69816,47.10524 7.69540,47.10501 7.69140,47.10708 7.68740,47.10681 7.67940,47.10857 7.67640,47.11200 7.67783,47.11757 7.68172,47.12000 7.68424,47.12400 7.68115,47.12575 7.68070,47.13070 7.68608,47.13200 7.68502,47.13362 7.68340,47.13448 7.68239,47.13301 7.67845,47.13295 7.67197,47.12743 7.66853,47.12687 7.66667,47.12727 7.66476,47.12936 7.66340,47.12976 7.65140,47.13005 7.64630,47.13200 7.65540,47.13907 7.65768,47.13828 7.65940,47.13649 7.66340,47.13666 7.66702,47.13562 7.67213,47.13527 7.67465,47.13600 7.67356,47.14400 7.67438,47.14502 7.67940,47.14784 7.68740,47.14982 7.68886,47.14946 7.69081,47.14741 7.69255,47.14685 7.69466,47.14726 7.69540,47.14633 7.69927,47.15200 7.69940,47.15729 7.69901,47.15639 7.69489,47.15651 7.69272,47.15467 7.68740,47.15512 7.68340,47.15353 7.67940,47.15402 7.67752,47.15600 7.67940,47.15841 7.68666,47.16000 7.68613,47.16400 7.68740,47.16493 7.68808,47.16732 7.68661,47.17279 7.69220,47.17520 7.69893,47.17600 7.69940,47.18323 7.69797,47.18143 7.69140,47.18240 7.68780,47.17960 7.68244,47.17904 7.67940,47.18582 7.67058,47.19118 7.67140,47.19308 7.67540,47.19294 7.67663,47.19477 7.67986,47.19600 7.68124,47.20184 7.67988,47.20352 7.68122,47.20618 7.68039,47.21200 7.67665,47.21325 7.67442,47.21502 7.66863,47.22400 7.67140,47.22575 7.68069,47.22671 7.68340,47.22758 7.68680,47.22740 7.68740,47.22634 7.69103,47.23200 7.69469,47.23271 7.69954,47.23214 7.70340,47.22870 7.70740,47.22736 7.71070,47.22870 7.71517,47.23200 7.70473,47.23333 7.70385,47.23645 7.70087,47.23747 7.69940,47.24245 7.69564,47.24376 7.69419,47.24121 7.69140,47.23974 7.68340,47.24223 7.67821,47.24281 7.67614,47.24400 7.67617,47.24800 7.67810,47.24930 7.67940,47.25217 7.69210,47.25270 7.69940,47.24711 7.70112,47.25028 7.70646,47.25293 7.71199,47.25259 7.71940,47.24803 7.72201,47.24939 7.72740,47.25041 7.72910,47.24970 7.73140,47.24610 7.73660,47.24520 7.73940,47.24006 7.74041,47.24299 7.74528,47.24400 7.75185,47.24755 7.75426,47.24800 7.74340,47.24960 7.73940,47.25330 7.73540,47.25506 7.72654,47.25514 7.72558,47.25600 7.72622,47.25718 7.73012,47.26000 7.72807,47.26067 7.72740,47.26551 7.72373,47.26833 7.71940,47.26843 7.71880,47.27260 7.72095,47.27445 7.72206,47.27734 7.72902,47.28238 7.73140,47.28522 7.73540,47.28637 7.73940,47.28489 7.74092,47.28648 7.74177,47.28963 7.74808,47.29132 7.74910,47.29430 7.75217,47.29523 7.75940,47.29490 7.76124,47.29816 7.76340,47.29913 7.77140,47.29942 7.77232,47.30308 7.78340,47.30383 7.78360,47.30781 7.78902,47.30800 7.78740,47.30807</coordinates></LineString></Placemark><Placemark><name>60 min drive from Bern (night)</name>
<Style><LineStyle><color>ff1a1a1a</color><width>3</width></LineStyle></Style>
<LineString><tessellate>1</tessellate><coordinates>7.77940,47.48628 7.77732,47.48000 7.77871,47.47931 7.77872,47.47268 7.77176,47.47236 7.77140,47.47290 7.76740,47.47320 7.76032,47.47200 7.77685,47.46945 7.78236,47.46696 7.78340,47.46467 7.79540,47.46478 7.79831,47.46291 7.80164,47.46224 7.80246,47.46000 7.80148,47.44800 7.80539,47.44599 7.80634,47.44400 7.80523,47.43600 7.80688,47.42452 7.80340,47.41491 7.79940,47.41518 7.79604,47.41664 7.79140,47.41727 7.78769,47.41600 7.78340,47.41336 7.78151,47.41411 7.77940,47.41720 7.77718,47.41778 7.77540,47.42048 7.77140,47.42071 7.77179,47.41961 7.77457,47.41917 7.77451,47.41600 7.77727,47.41387 7.77986,47.40800 7.77778,47.40561 7.77310,47.40400 7.77497,47.40357 7.77940,47.39950 7.78393,47.40053 7.78669,47.39928 7.78740,47.39817 7.78805,47.39935 7.79186,47.39954 7.79540,47.40172 7.79846,47.39906 7.80340,47.39862 7.80850,47.39710 7.80870,47.39469 7.80740,47.39328 7.79540,47.38975 7.79540,47.38570 7.79735,47.38400 7.79540,47.38257 7.79469,47.37929 7.79812,47.37472 7.79940,47.37408 7.80340,47.37407 7.80740,47.36654 7.81140,47.36666 7.81217,47.36800 7.81435,47.36905 7.81596,47.36856 7.81712,47.36572 7.82027,47.36400 7.82075,47.36135 7.82340,47.36062 7.82551,47.35811 7.82835,47.35695 7.82930,47.35390 7.83156,47.35200 7.83062,47.34878 7.82712,47.34772 7.82454,47.34914 7.82120,47.34980 7.81940,47.35147 7.81540,47.34974 7.81415,47.34525 7.81140,47.34461 7.79914,47.34425 7.79540,47.34176 7.78740,47.34248 7.78340,47.34050 7.77540,47.34060 7.77332,47.34192 7.77249,47.34400 7.77315,47.34625 7.77540,47.34757 7.77879,47.34800 7.77940,47.35211 7.77691,47.35351 7.77540,47.35334 7.77308,47.35600 7.77351,47.35789 7.77699,47.36000 7.77622,47.36082 7.77140,47.36230 7.76990,47.36000 7.76922,47.35600 7.76740,47.35462 7.76505,47.35600 7.76498,47.36000 7.76017,47.36077 7.75940,47.36373 7.75741,47.36199 7.75691,47.36000 7.75806,47.35200 7.75735,47.35004 7.75540,47.34882 7.74941,47.34800 7.75993,47.34747 7.76225,47.34915 7.76424,47.34884 7.76583,47.34400 7.76340,47.34258 7.76104,47.33836 7.75794,47.33746 7.75140,47.33724 7.74912,47.33772 7.74740,47.33921 7.74444,47.33896 7.74099,47.33441 7.73355,47.33385 7.73140,47.33077 7.72999,47.33200 7.72905,47.33600 7.72740,47.33664 7.72340,47.33562 7.72149,47.33390 7.72046,47.33094 7.71940,47.33069 7.71540,47.33154 7.71336,47.33396 7.71043,47.33503 7.70991,47.33600 7.71140,47.33782 7.71940,47.33682 7.72113,47.33827 7.72122,47.34400 7.72340,47.34545 7.72740,47.34643 7.73329,47.34611 7.74091,47.34951 7.74057,47.34800 7.74288,47.34748 7.74607,47.34800 7.74153,47.35014 7.74071,47.35331 7.73940,47.35397 7.73882,47.35258 7.73540,47.35247 7.73140,47.35370 7.72315,47.35225 7.71940,47.35033 7.71140,47.34985 7.70340,47.35934 7.70010,47.36070 7.69892,47.36048 7.69786,47.35600 7.69540,47.35419 7.69383,47.35442 7.69183,47.35643 7.68740,47.35704 7.68340,47.35609 7.67930,47.35610 7.67718,47.35421 7.66678,47.35262 7.66340,47.35054 7.65881,47.35200 7.65693,47.35353 7.64340,47.35117 7.63940,47.34920 7.63477,47.34800 7.64644,47.34703 7.64923,47.34583 7.65140,47.34367 7.66740,47.34119 7.66974,47.34166 7.67092,47.34448 7.67191,47.34451 7.67273,47.34400 7.67318,47.33778 7.67496,47.33556 7.67655,47.33885 7.67940,47.33915 7.68574,47.33834 7.68740,47.33680 7.69140,47.33668 7.69540,47.33774 7.69940,47.33647 7.70152,47.33412 7.70451,47.33311 7.70493,47.33200 7.70453,47.33087 7.70196,47.32944 7.70163,47.32800 7.70168,47.32628 7.70389,47.32449 7.70378,47.32362 7.69935,47.32395 7.69540,47.32653 7.68797,47.32342 7.68340,47.32288 7.67966,47.32400 7.67940,47.32465 7.67196,47.32456 7.66985,47.32645 7.66740,47.32697 7.66089,47.32651 7.65940,47.32574 7.65802,47.32662 7.65140,47.32720 7.63031,47.32509 7.62909,47.32231 7.62740,47.32124 7.62466,47.32126 7.62340,47.32197 7.62275,47.32065 7.61507,47.32033 7.61311,47.31600 7.61140,47.31503 7.60340,47.31368 7.59808,47.31200 7.59655,47.30800 7.59670,47.30270 7.59140,47.30133 7.58909,47.29831 7.58340,47.29643 7.58209,47.29330 7.57540,47.29227 7.57482,47.28858 7.56256,47.28800 7.56256,47.28484 7.56144,47.28400 7.56366,47.28374 7.56657,47.28483 7.57132,47.28392 7.57229,47.28711 7.57595,47.28745 7.58245,47.28705 7.58340,47.28533 7.58458,47.29082 7.58740,47.29132 7.59404,47.29064 7.59540,47.28889 7.59674,47.29066 7.60334,47.29194 7.60695,47.29155 7.60740,47.29007 7.61131,47.29209 7.61590,47.29250 7.61940,47.29189 7.62340,47.29350 7.62740,47.29278 7.63653,47.29313 7.63940,47.29161 7.64110,47.29430 7.64340,47.29478 7.64595,47.29455 7.64875,47.29200 7.65153,47.29187 7.65395,47.29345 7.66040,47.29500 7.66225,47.29715 7.66740,47.29834 7.67140,47.30208 7.67710,47.30230 7.67901,47.30438 7.68586,47.30554 7.68844,47.30504 7.69022,47.29883 7.69276,47.29600 7.69140,47.29094 7.68740,47.29026 7.68340,47.29168 7.67513,47.29227 7.67152,47.28800 7.66740,47.28648 7.66340,47.28632 7.65140,47.27877 7.63409,47.28269 7.63140,47.28477 7.62570,47.28000 7.62486,47.27600 7.62340,47.27454 7.61414,47.27474 7.60340,47.28195 7.59940,47.28200 7.59525,47.27600 7.59786,47.27446 7.59968,47.27172 7.59140,47.26866 7.58740,47.27116 7.57940,47.27147 7.57735,47.27005 7.57657,47.26683 7.57540,47.26573 7.56885,47.26800 7.56740,47.26982 7.56558,47.26800 7.55992,47.26747 7.55540,47.26553 7.54990,47.26650 7.54676,47.26736 7.54476,47.26936 7.53682,47.27342 7.53540,47.27537 7.53140,47.27692 7.53008,47.27600 7.52876,47.27200 7.53111,47.27171 7.53436,47.26296 7.53940,47.25668 7.54608,47.25732 7.54740,47.25909 7.55140,47.25800 7.55182,47.25600 7.54950,47.25390 7.54870,47.24800 7.54740,47.24677 7.54340,47.24754 7.53540,47.24753 7.53234,47.24706 7.53140,47.24362 7.51540,47.24323 7.51498,47.24442 7.51729,47.24611 7.51811,47.24800 7.51851,47.25200 7.51762,47.25422 7.51540,47.25511 7.51140,47.25467 7.51058,47.25518 7.51020,47.25720 7.51259,47.26000 7.51140,47.26169 7.51085,47.26055 7.50248,47.26092 7.48877,47.26000 7.49073,47.25933 7.49119,47.25579 7.49621,47.25281 7.49810,47.25070 7.50340,47.24895 7.50388,47.24800 7.49940,47.24730 7.49742,47.24597 7.49540,47.24293 7.49304,47.24564 7.49140,47.24607 7.48312,47.24428 7.48271,47.24331 7.48426,47.24086 7.48654,47.24086 7.48770,47.24000 7.48647,47.23907 7.48433,47.23907 7.48363,47.23577 7.47912,47.23572 7.47753,47.23813 7.47540,47.23906 7.47233,47.23600 7.46740,47.23559 7.45940,47.23149 7.45434,47.23494 7.44740,47.23456 7.44226,47.23313 7.43691,47.22800 7.43821,47.22681 7.44340,47.22586 7.44575,47.22400 7.44361,47.21979 7.43940,47.22212 7.43540,47.22279 7.42970,47.22230 7.42340,47.22732 7.42196,47.22544 7.41836,47.22503 7.41540,47.22297 7.40566,47.22174 7.40496,47.22000 7.40829,47.21688 7.40818,47.21522 7.40534,47.21200 7.40340,47.21135 7.39940,47.20655 7.39000,47.20800 7.39211,47.21129 7.39140,47.21430 7.39037,47.21303 7.37540,47.21088 7.37384,47.20956 7.37279,47.20661 7.36587,47.20553 7.36384,47.20356 7.36069,47.20271 7.35940,47.19946 7.35140,47.19939 7.34740,47.19533 7.34340,47.19853 7.33940,47.19963 7.33708,47.19832 7.32956,47.19784 7.32740,47.19587 7.31940,47.19469 7.31540,47.19552 7.29940,47.19553 7.29540,47.19362 7.28584,47.19444 7.28422,47.19518 7.27140,47.19518 7.27140,47.19662 7.27835,47.19705 7.28110,47.19830 7.28195,47.20000 7.28060,47.20400 7.27225,47.20485 7.27140,47.20689 7.26914,47.20226 7.26203,47.20137 7.25974,47.19966 7.25794,47.20000 7.25706,47.20166 7.25464,47.20324 7.25140,47.20349 7.24837,47.20303 7.24757,47.19983 7.23757,47.19783 7.23540,47.19562 7.22340,47.19568 7.22222,47.19882 7.21540,47.19949 7.21242,47.19898 7.21166,47.19574 7.19988,47.19552 7.19425,47.19315 7.19270,47.19070 7.19140,47.19016 7.18740,47.19058 7.18595,47.19200 7.18891,47.19449 7.19022,47.19717 7.19268,47.19872 7.19386,47.20154 7.19664,47.20276 7.19764,47.20400 7.19890,47.20850 7.20245,47.20895 7.20745,47.21195 7.21148,47.21191 7.21540,47.21516 7.21928,47.21600 7.21859,47.22000 7.22088,47.22147 7.22210,47.22129 7.22301,47.22439 7.22740,47.22346 7.23540,47.22854 7.24393,47.22853 7.25140,47.22991 7.25540,47.22933 7.26340,47.23087 7.27940,47.23007 7.29540,47.23120 7.29819,47.23079 7.29940,47.22914 7.30038,47.23102 7.30340,47.23144 7.31047,47.23107 7.31140,47.22934 7.31226,47.23114 7.31540,47.23153 7.31866,47.23126 7.31940,47.22953 7.33712,47.23027 7.33940,47.23047 7.33994,47.23546 7.34745,47.23595 7.34740,47.23783 7.34707,47.23633 7.33940,47.23658 7.33844,47.23296 7.32340,47.23235 7.32008,47.23268 7.31940,47.23447 7.31540,47.23455 7.31427,47.23313 7.31140,47.23278 7.30340,47.23351 7.29940,47.23486 7.29140,47.23461 7.27887,47.23600 7.27724,47.24000 7.27140,47.24173 7.26340,47.24175 7.25540,47.24390 7.24840,47.24300 7.24740,47.24203 7.24597,47.24400 7.23771,47.24569 7.22340,47.24341 7.21940,47.24603 7.21516,47.24400 7.21356,47.24000 7.21140,47.23945 7.20812,47.23600 7.20857,47.23200 7.20740,47.23097 7.20493,47.23200 7.20445,47.23305 7.19618,47.23278 7.19261,47.23600 7.18244,47.23904 7.18149,47.24000 7.18194,47.24146 7.18447,47.24293 7.18918,47.24400 7.18340,47.24630 7.17940,47.24661 7.17525,47.24415 7.17237,47.23903 7.17028,47.23712 7.15940,47.23707 7.15540,47.23515 7.15140,47.23510 7.14978,47.23362 7.14740,47.23302 7.13940,47.23297 7.13540,47.22926 7.13278,47.22938 7.13140,47.23057 7.13047,47.22893 7.12585,47.22555 7.12031,47.22400 7.13592,47.22348 7.14060,47.22680 7.14169,47.22971 7.14340,47.23047 7.15140,47.22907 7.15540,47.23061 7.16087,47.22948 7.16340,47.22813 7.16852,47.22512 7.16919,47.22400 7.16740,47.22192 7.16340,47.22108 7.16066,47.22126 7.15940,47.22210 7.15371,47.22169 7.15151,47.22000 7.15401,47.21861 7.15540,47.21665 7.15610,47.21930 7.15940,47.21938 7.16571,47.21831 7.17143,47.21603 7.17174,47.21234 7.17491,47.21151 7.17392,47.20948 7.17540,47.20625 7.17940,47.20542 7.18030,47.20400 7.17540,47.20341 7.17140,47.20178 7.16219,47.20278 7.15540,47.20499 7.15016,47.20524 7.14835,47.20305 7.14246,47.20094 7.13024,47.20000 7.12902,47.19600 7.12740,47.19463 7.11540,47.19407 7.11140,47.19566 7.11022,47.19318 7.10163,47.19200 7.09906,47.18834 7.09561,47.18800 7.09827,47.18687 7.10740,47.18639 7.10800,47.18740 7.11312,47.19028 7.11540,47.19072 7.11940,47.18914 7.12340,47.19033 7.12536,47.18996 7.13140,47.18752 7.13500,47.18839 7.13940,47.18837 7.14144,47.18604 7.14340,47.18521 7.15140,47.18711 7.15356,47.19200 7.15540,47.19313 7.15731,47.19200 7.15793,47.19053 7.16285,47.18800 7.16581,47.18400 7.16767,47.18373 7.16949,47.18591 7.17540,47.18795 7.17779,47.18639 7.19540,47.18518 7.19724,47.18400 7.19750,47.18210 7.19940,47.18061 7.20704,47.18436 7.21764,47.18576 7.23140,47.18533 7.23972,47.18400 7.23964,47.17976 7.23761,47.17600 7.23776,47.17436 7.23986,47.17247 7.23940,47.17126 7.23614,47.17126 7.23540,47.16977 7.23399,47.17059 7.22740,47.17122 7.22497,47.17043 7.22340,47.16766 7.21179,47.16761 7.20740,47.16517 7.20504,47.16564 7.20340,47.16727 7.20172,47.16568 7.20087,47.16253 7.19840,47.16100 7.19492,47.16048 7.19140,47.15660 7.18343,47.15600 7.18740,47.15481 7.18851,47.15311 7.18919,47.14800 7.18867,47.14673 7.18340,47.14312 7.18285,47.13655 7.17117,47.13623 7.17086,47.13253 7.16324,47.13215 7.16326,47.12814 7.15934,47.12794 7.15940,47.12742 7.15948,47.12792 7.16340,47.12788 7.16400,47.13140 7.17048,47.13108 7.17140,47.12951 7.17251,47.13489 7.17540,47.13533 7.17819,47.13479 7.17940,47.13303 7.18340,47.13299 7.18542,47.13398 7.18681,47.13659 7.19318,47.13777 7.19376,47.13600 7.19281,47.13059 7.19000,47.12800 7.19490,47.12750 7.19654,47.12514 7.19619,47.12400 7.18556,47.11784 7.18371,47.11569 7.18111,47.11429 7.17940,47.11128 7.17842,47.11102 7.17609,47.11269 7.16740,47.11470 7.16495,47.11445 7.16340,47.11407 7.16100,47.11040 7.15940,47.10946 7.15437,47.10903 7.15252,47.10800 7.15540,47.10657 7.15698,47.10400 7.15452,47.10000 7.15140,47.09798 7.15002,47.09862 7.14894,47.10154 7.14740,47.10244 7.14340,47.10175 7.14159,47.10219 7.14103,47.10400 7.14171,47.10569 7.14494,47.10800 7.14272,47.11200 7.14340,47.11439 7.15140,47.11991 7.15140,47.12074 7.14920,47.12180 7.13540,47.12165 7.13469,47.12071 7.12957,47.12000 7.12631,47.11709 7.11964,47.11600 7.12198,47.11458 7.12740,47.11365 7.13009,47.11068 7.13127,47.10800 7.13065,47.10475 7.12786,47.10400 7.12740,47.09947 7.13140,47.09618 7.13540,47.09806 7.13617,47.09923 7.14006,47.10066 7.13964,47.10000 7.14253,47.09600 7.13940,47.09387 7.13775,47.09365 7.13604,47.09136 7.13140,47.09146 7.12976,47.08963 7.12906,47.08634 7.12740,47.08549 7.12579,47.08561 7.12340,47.08315 7.11840,47.08300 7.11703,47.08400 7.11760,47.08580 7.12113,47.08800 7.11456,47.08800 7.11331,47.08610 7.11059,47.08481 7.10966,47.08174 7.10664,47.08076 7.10494,47.07846 7.09940,47.07733 7.09701,47.07439 7.09540,47.07373 7.08659,47.07520 7.08340,47.07744 7.07843,47.07903 7.07806,47.08400 7.07540,47.08488 7.06719,47.09221 7.06395,47.09145 7.06213,47.08527 7.06041,47.08400 7.05540,47.08278 7.04927,47.07813 7.04015,47.07600 7.04340,47.07313 7.04376,47.07164 7.03940,47.07046 7.03682,47.06658 7.03140,47.06507 7.02340,47.05927 7.01940,47.05735 7.01806,47.05866 7.01774,47.06166 7.01832,47.06508 7.01999,47.06741 7.02154,47.06800 7.02113,47.06973 7.01940,47.07140 7.01862,47.06878 7.01140,47.06808 7.01250,47.06400 7.00740,47.06244 7.00624,47.06116 7.00392,47.05148 6.99675,47.05065 6.99582,47.04758 6.99260,47.04680 6.99179,47.04361 6.98869,47.04271 6.98770,47.03170 6.98438,47.03101 6.98340,47.02745 6.97540,47.02712 6.97315,47.02625 6.97171,47.01969 6.96434,47.01906 6.96340,47.01559 6.96081,47.01600 6.95940,47.01741 6.95846,47.01694 6.95799,47.01600 6.95611,47.01529 6.95386,47.00953 6.95140,47.00653 6.94647,47.00707 6.94400,47.00860 6.94340,47.01019 6.93540,47.00800 6.93303,47.00637 6.92951,47.00589 6.92740,47.00378 6.92631,47.00400 6.92340,47.00882 6.92323,47.00816 6.91927,47.00800 6.91789,47.00551 6.91540,47.00374 6.90972,47.00800 6.91104,47.00836 6.91123,47.01217 6.91511,47.01600 6.91369,47.01829 6.91088,47.01948 6.91084,47.02056 6.91371,47.02169 6.91540,47.02472 6.91940,47.02203 6.92340,47.02295 6.92413,47.02727 6.92531,47.02800 6.92165,47.03025 6.92112,47.03200 6.92174,47.03366 6.92340,47.03468 6.92740,47.03466 6.92815,47.04000 6.91892,47.04048 6.91540,47.03939 6.91359,47.03600 6.91140,47.03426 6.90822,47.03681 6.90529,47.03789 6.90409,47.04000 6.90389,47.04351 6.90464,47.04400 6.90340,47.04644 6.89940,47.04732 6.89540,47.04451 6.89140,47.03701 6.88793,47.04053 6.88019,47.04079 6.87849,47.04309 6.87852,47.04488 6.88740,47.05385 6.89140,47.05600 6.88788,47.06048 6.88758,47.06417 6.88376,47.06436 6.88354,47.06786 6.88199,47.06800 6.88319,47.06779 6.88234,47.06000 6.88123,47.05817 6.87431,47.05309 6.87052,47.04888 6.86836,47.03903 6.86327,47.03612 6.86219,47.03321 6.85878,47.03262 6.85816,47.02924 6.85447,47.02307 6.85524,47.02000 6.85541,47.02001 6.85611,47.02329 6.86119,47.02400 6.86188,47.02800 6.86475,47.03065 6.87017,47.03077 6.87673,47.02933 6.87798,47.02658 6.88074,47.02400 6.87998,47.01942 6.87783,47.01757 6.87540,47.01692 6.87035,47.01705 6.86586,47.01600 6.86503,47.01200 6.86771,47.01200 6.86885,47.01455 6.87616,47.01524 6.88451,47.01489 6.88740,47.01714 6.89140,47.01317 6.89574,47.01166 6.89706,47.01434 6.89940,47.01554 6.90155,47.01200 6.90088,47.01052 6.89797,47.00943 6.89745,47.00800 6.89769,47.00400 6.90107,47.00167 6.90175,47.00000 6.90062,46.99478 6.89940,46.99407 6.89140,46.99547 6.88849,46.99491 6.88594,46.99346 6.88442,46.99098 6.87940,46.98952 6.87540,46.99046 6.87393,46.98947 6.87140,46.98915 6.86027,46.98888 6.85786,46.98954 6.85540,46.98829 6.85461,46.98479 6.85230,46.98400 6.85540,46.98280 6.85940,46.98238 6.86101,46.98000 6.85940,46.97828 6.85540,46.97758 6.85335,46.97405 6.85140,46.97301 6.84340,46.97414 6.83940,46.97284 6.82913,46.97200 6.82829,46.96800 6.83362,46.96622 6.83835,46.96295 6.84340,46.96402 6.85140,46.96073 6.85162,46.95978 6.84463,46.95877 6.83540,46.95497 6.83444,46.95504 6.83140,46.95797 6.82995,46.95600 6.83009,46.95200 6.82740,46.94866 6.82340,46.94694 6.81940,46.94912 6.81581,46.94800 6.81698,46.94400 6.82007,46.94067 6.81940,46.93846 6.81617,46.93600 6.81412,46.93200 6.80919,46.92620 6.80665,46.92475 6.80584,46.92000 6.80512,46.91828 6.80286,46.91654 6.80227,46.91313 6.79540,46.91231 6.79500,46.90839 6.78941,46.90800 6.79576,46.90764 6.79692,46.91048 6.79940,46.91092 6.80340,46.91040 6.80447,46.91093 6.80598,46.91342 6.80852,46.91488 6.80997,46.92143 6.81627,46.92313 6.82254,46.92886 6.82516,46.93024 6.82603,46.93737 6.83140,46.93888 6.83940,46.93801 6.84720,46.94019 6.85140,46.93919 6.85418,46.94122 6.86023,46.94317 6.86508,46.95200 6.86340,46.95363 6.86295,46.95645 6.86931,46.95809 6.87419,46.96121 6.87442,46.96898 6.87540,46.96945 6.87940,46.96855 6.88230,46.96910 6.88304,46.97236 6.89036,46.97304 6.89140,46.97649 6.91071,46.97669 6.91310,46.97830 6.91394,46.98000 6.91832,46.98108 6.91940,46.98458 6.93140,46.98451 6.93438,46.98502 6.93540,46.98845 6.95030,46.98910 6.95113,46.99227 6.95870,46.99270 6.95917,46.99623 6.96272,46.99668 6.96318,47.00022 6.97075,47.00065 6.97140,47.00432 6.97877,47.00463 6.97940,47.00831 6.98363,47.00823 6.98450,47.00510 6.98783,47.00444 6.99940,47.00432 7.00016,47.00076 7.01063,47.00077 7.01140,47.00431 7.01216,47.00076 7.02740,47.00046 7.03047,47.00093 7.03140,47.00431 7.03239,47.00099 7.03959,47.00019 7.03997,46.99657 7.04398,46.99600 7.04450,46.98910 7.04630,46.98910 7.04841,46.98800 7.04831,46.98400 7.04118,46.98222 7.03988,46.98000 7.04118,46.97778 7.04340,46.97703 7.04376,46.97600 7.04227,46.97487 7.04053,46.97487 7.03965,46.97175 7.03605,46.97135 7.03562,46.96778 7.02426,46.96714 7.02340,46.96361 7.01251,46.96288 7.01173,46.95967 7.00846,46.95894 7.00740,46.95444 7.00592,46.95347 7.00553,46.95200 7.00141,46.94999 7.00035,46.94705 6.99341,46.94599 6.99086,46.94346 6.98794,46.94346 6.98740,46.93974 6.97594,46.93946 6.97558,46.93582 6.97197,46.93543 6.97159,46.93181 6.96805,46.93135 6.96748,46.92792 6.96594,46.93054 6.95940,46.93134 6.95673,46.93067 6.95570,46.92770 6.95215,46.92725 6.95163,46.92377 6.94422,46.92318 6.94377,46.91963 6.94088,46.91852 6.94014,46.91600 6.94088,46.91347 6.94340,46.91274 6.94367,46.91173 6.92823,46.91117 6.92765,46.90775 6.92411,46.90729 6.92340,46.89960 6.91238,46.89902 6.91140,46.89553 6.90702,46.89562 6.90550,46.89810 6.90340,46.89905 6.89940,46.89897 6.89742,46.89798 6.89591,46.89149 6.89366,46.88800 6.89426,46.88400 6.88406,46.88334 6.88092,46.88248 6.87987,46.87953 6.87646,46.87894 6.87646,46.87706 6.87381,46.87359 6.87297,46.87043 6.87140,46.86945 6.86985,46.86955 6.86776,46.86764 6.86056,46.86684 6.85966,46.86373 6.85607,46.86333 6.85560,46.85980 6.84410,46.85930 6.84359,46.85581 6.83598,46.85542 6.83561,46.85179 6.83212,46.85128 6.83160,46.84780 6.82428,46.84712 6.82340,46.84372 6.81221,46.84319 6.81163,46.83977 6.80806,46.83934 6.80740,46.83166 6.80011,46.83129 6.79940,46.82763 6.78794,46.82746 6.78467,46.82673 6.78380,46.82360 6.78061,46.82279 6.77979,46.81961 6.77675,46.81865 6.77579,46.81560 6.77235,46.81505 6.77009,46.81331 6.76826,46.81114 6.76769,46.80771 6.76076,46.80664 6.75940,46.80324 6.74740,46.80297 6.74424,46.80484 6.74062,46.80523 6.73940,46.80600 6.73540,46.80521 6.73140,46.80273 6.72740,46.80496 6.72340,46.80463 6.72216,46.80000 6.73417,46.79877 6.73707,46.79767 6.73809,46.79600 6.73736,46.79404 6.73408,46.79200 6.73391,46.79051 6.73601,46.78800 6.73155,46.78785 6.73271,46.78531 6.73205,46.78335 6.72740,46.78369 6.72430,46.78310 6.72393,46.77947 6.71940,46.77939 6.71705,46.77835 6.71540,46.77481 6.70740,46.77499 6.70552,46.77388 6.70431,46.77109 6.69940,46.77073 6.69761,46.76979 6.69540,46.76651 6.68740,46.76699 6.68525,46.76615 6.68340,46.76312 6.67676,46.76264 6.67540,46.75901 6.66390,46.76050 6.66149,46.76209 6.66016,46.76476 6.66136,46.77004 6.66420,46.77200 6.66177,46.77437 6.65837,46.77600 6.66014,46.78000 6.65695,46.78155 6.65140,46.78245 6.64740,46.78258 6.64340,46.78179 6.64032,46.78400 6.63699,46.79359 6.63540,46.79430 6.63140,46.79435 6.62937,46.79600 6.63109,46.80031 6.63109,46.80430 6.63540,46.80476 6.63727,46.80613 6.63833,46.80907 6.63940,46.80964 6.64740,46.80937 6.64935,46.81005 6.65094,46.81246 6.65771,46.81769 6.66403,46.81937 6.66740,46.82374 6.67140,46.82509 6.67420,46.82920 6.67940,46.83088 6.68122,46.83418 6.68382,46.83558 6.68366,46.84374 6.68699,46.84400 6.68340,46.84439 6.68243,46.83697 6.67898,46.83642 6.67776,46.83364 6.67540,46.83295 6.67140,46.83320 6.66991,46.82949 6.66740,46.82883 6.66340,46.83004 6.66160,46.82980 6.65768,46.82572 6.65646,46.82294 6.65060,46.82079 6.64895,46.81845 6.64610,46.81730 6.64432,46.81508 6.64115,46.81425 6.63540,46.81408 6.63296,46.81044 6.62626,46.80914 6.62483,46.80657 6.62191,46.80549 6.62031,46.80309 6.61612,46.80000 6.61540,46.79822 6.61383,46.79843 6.61190,46.80000 6.60933,46.80000 6.61098,46.79958 6.61060,46.79600 6.60740,46.79231 6.60340,46.79199 6.59540,46.79471 6.58997,46.79457 6.58842,46.79600 6.58726,46.79600 6.58695,46.79245 6.58433,46.79200 6.58740,46.79149 6.58953,46.79013 6.58996,46.78543 6.58308,46.78400 6.59140,46.78358 6.59379,46.78560 6.59692,46.78648 6.59940,46.78663 6.60340,46.78520 6.60473,46.78666 6.60740,46.78704 6.61540,46.78616 6.61722,46.78400 6.61580,46.78000 6.61627,46.77687 6.61973,46.77633 6.61940,46.77194 6.62546,46.76606 6.62842,46.76502 6.63023,46.76283 6.63307,46.76167 6.63386,46.76000 6.63305,46.75835 6.63019,46.75720 6.62740,46.75462 6.62340,46.75548 6.61540,46.75545 6.61249,46.75491 6.61140,46.75144 6.59940,46.75139 6.59675,46.75065 6.59540,46.74706 6.59140,46.74685 6.58946,46.74594 6.58740,46.74333 6.58078,46.74262 6.57940,46.73928 6.57291,46.73849 6.57191,46.73549 6.56898,46.73442 6.56740,46.73115 6.56275,46.73135 6.56138,46.73398 6.55940,46.73497 6.55540,46.73495 6.55389,46.73351 6.55140,46.73298 6.54550,46.73390 6.54430,46.73200 6.54740,46.72913 6.55140,46.72910 6.55267,46.73073 6.55540,46.73116 6.55767,46.73027 6.55940,46.72696 6.56585,46.72645 6.56826,46.72400 6.56832,46.72000 6.57195,46.71600 6.57022,46.71317 6.56143,46.71200 6.56497,46.70958 6.56740,46.70137 6.57140,46.70198 6.57408,46.69468 6.57420,46.68120 6.57099,46.68041 6.57069,46.67671 6.56860,46.67600 6.57112,46.67172 6.57140,46.66838 6.57199,46.67941 6.57559,46.67981 6.57601,46.68339 6.57743,46.68400 6.57597,46.68457 6.57578,46.68800 6.57792,46.70147 6.58435,46.70305 6.59210,46.70330 6.59461,46.70400 6.59240,46.70500 6.58740,46.70558 6.58541,46.70800 6.58151,46.71012 6.58037,46.71697 6.57723,46.72183 6.57430,46.72400 6.57458,46.72800 6.57695,46.73044 6.57785,46.73355 6.57940,46.73428 6.58340,46.73369 6.58505,46.73434 6.58653,46.73687 6.59140,46.73714 6.59540,46.74061 6.60287,46.74053 6.60340,46.74401 6.60733,46.73993 6.60947,46.74193 6.61734,46.74206 6.61755,46.74400 6.61940,46.74544 6.62088,46.74400 6.62068,46.74272 6.61940,46.74142 6.61752,46.74188 6.61706,46.73600 6.61940,46.73563 6.62155,46.73785 6.62340,46.73831 6.62516,46.73776 6.62711,46.73571 6.62740,46.73375 6.62853,46.73487 6.63004,46.73464 6.63191,46.73549 6.63210,46.74000 6.63540,46.74317 6.63758,46.74000 6.63719,46.73200 6.63940,46.72301 6.64166,46.73200 6.64576,46.73764 6.64461,46.74800 6.64568,46.74972 6.64861,46.75079 6.65140,46.75430 6.65540,46.75142 6.65549,46.75200 6.65940,46.75338 6.66740,46.75257 6.67140,46.75329 6.68238,46.75302 6.68496,46.75444 6.68663,46.75677 6.68971,46.75769 6.69116,46.76024 6.69414,46.76126 6.69940,46.76151 6.70098,46.76242 6.70225,46.76515 6.70740,46.76576 6.71140,46.76990 6.71540,46.76832 6.72275,46.76865 6.72319,46.77221 6.72956,46.77384 6.73140,46.77680 6.73799,46.77741 6.73940,46.78052 6.75140,46.78157 6.75540,46.78465 6.76140,46.78600 6.76340,46.78859 6.77140,46.78896 6.77711,46.79029 6.77940,46.79331 6.78425,46.79285 6.78740,46.79091 6.79441,46.79101 6.79723,46.78983 6.79912,46.78000 6.79753,46.77787 6.79540,46.77693 6.78657,46.77683 6.78400,46.77600 6.79009,46.77469 6.79234,46.77294 6.79246,46.77094 6.79102,46.76838 6.79120,46.76420 6.78999,46.76141 6.78740,46.75941 6.77956,46.76015 6.77940,46.76068 6.77867,46.75673 6.77712,46.75600 6.77887,46.75547 6.77940,46.75326 6.78008,46.75531 6.79140,46.75478 6.79350,46.75409 6.79794,46.75054 6.79940,46.75053 6.80079,46.74939 6.80159,46.74400 6.80284,46.74344 6.80410,46.74330 6.80677,46.74463 6.81236,46.74497 6.81284,46.74256 6.81140,46.74112 6.80770,46.74000 6.80997,46.73857 6.81540,46.73785 6.81729,46.74000 6.81875,46.74800 6.81472,46.75200 6.81940,46.75475 6.82740,46.75522 6.82868,46.75472 6.83077,46.75537 6.83035,46.75305 6.83140,46.74943 6.83379,46.74961 6.83626,46.75114 6.84340,46.75168 6.84551,46.75389 6.84740,46.75447 6.85940,46.75623 6.86277,46.76063 6.86740,46.76203 6.87140,46.76168 6.87391,46.76000 6.87140,46.75741 6.86651,46.75689 6.86555,46.75385 6.86340,46.75254 6.85988,46.75248 6.85940,46.75486 6.85851,46.74800 6.85940,46.74652 6.86072,46.75068 6.86340,46.75086 6.86528,46.74800 6.86472,46.74267 6.86228,46.74111 6.86212,46.73728 6.85870,46.73200 6.85940,46.72916 6.86014,46.73126 6.86405,46.73135 6.86525,46.73600 6.86840,46.73900 6.86954,46.74186 6.87140,46.74278 6.87300,46.74240 6.87540,46.74527 6.87644,46.74504 6.87670,46.74400 6.87386,46.74154 6.87419,46.73721 6.87324,46.73416 6.87061,46.73279 6.86995,46.72945 6.86740,46.72769 6.87140,46.72738 6.87383,46.72957 6.87940,46.73071 6.88161,46.73379 6.88340,46.73423 6.88454,46.73886 6.89001,46.74000 6.89199,46.74341 6.89413,46.74273 6.89940,46.74298 6.90142,46.74202 6.90274,46.74000 6.90340,46.73593 6.90518,46.74222 6.91007,46.74400 6.91140,46.74547 6.91540,46.74406 6.91745,46.74205 6.91849,46.74000 6.91825,46.72915 6.91434,46.72506 6.91329,46.72211 6.91140,46.72072 6.90737,46.72000 6.91140,46.71909 6.91413,46.71600 6.90997,46.70943 6.90796,46.70800 6.91024,46.70683 6.91199,46.70459 6.91236,46.69904 6.90740,46.69763 6.90340,46.69947 6.89327,46.69413 6.88886,46.69346 6.88551,46.69411 6.88340,46.69892 6.88227,46.69313 6.88340,46.69035 6.89579,46.68400 6.89505,46.68000 6.89090,46.67650 6.89007,46.67200 6.89140,46.66874 6.89277,46.67463 6.90118,46.67422 6.90309,46.67631 6.90435,46.67600 6.90221,46.67319 6.90297,46.67200 6.90048,46.66800 6.89994,46.66400 6.89540,46.66085 6.88998,46.66142 6.88613,46.66000 6.88965,46.65425 6.89253,46.65200 6.89140,46.64299 6.89171,46.64369 6.89485,46.64345 6.89608,46.64400 6.89877,46.64863 6.90137,46.65003 6.90510,46.65430 6.90740,46.65514 6.91014,46.65200 6.90862,46.64400 6.91140,46.63630 6.91527,46.63613 6.91852,46.63512 6.91851,46.63111 6.92226,46.62800 6.91434,46.62694 6.91140,46.63047 6.90909,46.62631 6.90630,46.62510 6.89861,46.62400 6.89887,46.62000 6.89731,46.61809 6.89483,46.61657 6.89114,46.61626 6.88966,46.61374 6.88490,46.61200 6.88957,46.61017 6.89063,46.60723 6.89549,46.60409 6.89302,46.59600 6.89038,46.59302 6.88574,46.59200 6.87940,46.58832 6.87811,46.58529 6.87225,46.58400 6.86740,46.57837 6.86329,46.57600 6.87140,46.57470 6.87725,46.57815 6.87940,46.58030 6.88165,46.58000 6.88340,46.57817 6.88740,46.57812 6.89006,46.58134 6.89682,46.58258 6.89857,46.58483 6.90515,46.58625 6.90629,46.58911 6.90740,46.58952 6.91140,46.58876 6.91199,46.58741 6.90578,46.58562 6.90553,46.58187 6.90109,46.58000 6.90194,46.57854 6.90340,46.57757 6.90456,46.57884 6.90860,46.57880 6.91091,46.58049 6.91540,46.58140 6.91653,46.58000 6.91540,46.57869 6.91314,46.57826 6.91140,46.57429 6.90592,46.56948 6.90340,46.56884 6.89746,46.57006 6.89238,46.57298 6.88664,46.57276 6.88515,46.57200 6.88740,46.57048 6.88874,46.56800 6.89067,46.56727 6.89108,46.56400 6.89025,46.56115 6.88605,46.56000 6.88556,46.55784 6.88194,46.55600 6.88740,46.55574 6.88807,46.55933 6.89140,46.55947 6.90059,46.55719 6.90135,46.55600 6.90017,46.55123 6.89748,46.54800 6.89637,46.54400 6.89766,46.54000 6.89680,46.53860 6.89140,46.53758 6.88740,46.53881 6.88633,46.53707 6.88378,46.53562 6.88012,46.53528 6.87540,46.53261 6.87446,46.52894 6.87285,46.52800 6.86740,46.52638 6.86108,46.52632 6.85613,46.52400 6.85940,46.52301 6.85989,46.52351 6.86340,46.52335 6.86606,46.52266 6.86740,46.52040 6.87000,46.51860 6.87540,46.51869 6.87940,46.52140 6.88740,46.51951 6.88867,46.51727 6.88850,46.51490 6.88560,46.51380 6.88340,46.51119 6.88094,46.51045 6.88016,46.50800 6.87674,46.50666 6.87334,46.50206 6.87069,46.50071 6.86877,46.49462 6.86682,46.49200 6.86740,46.49095 6.87140,46.49092 6.87339,46.49401 6.87617,46.49523 6.87804,46.49736 6.88119,46.49821 6.88548,46.50192 6.88835,46.50305 6.88953,46.50587 6.89458,46.50800 6.89358,46.51200 6.89540,46.51369 6.89961,46.51200 6.89720,46.51020 6.89592,46.50800 6.89773,46.50400 6.89697,46.50243 6.89412,46.50128 6.88989,46.49751 6.88953,46.49200 6.88884,46.49056 6.88612,46.48927 6.88577,46.48400 6.88501,46.48239 6.88340,46.48155 6.87808,46.48268 6.87540,46.48645 6.87140,46.48694 6.86941,46.48599 6.86836,46.48304 6.86556,46.48184 6.86409,46.47931 6.86100,46.47840 6.82740,46.47656 6.82423,46.47683 6.82340,46.47832 6.82115,46.47825 6.80740,46.47759 6.80696,46.47643 6.79553,46.47613 6.79542,46.48002 6.79287,46.48000 6.79528,46.47988 6.79540,46.47592 6.83420,46.47480 6.85540,46.47211 6.85637,46.46897 6.85942,46.46802 6.86062,46.46522 6.86253,46.46400 6.86740,46.46384 6.86940,46.46600 6.87140,46.46671 6.87327,46.46587 6.87465,46.46325 6.87737,46.46197 6.87880,46.45940 6.88174,46.45834 6.88340,46.45482 6.88944,46.45404 6.89469,46.45130 6.89852,46.45112 6.89992,46.44800 6.89970,46.45230 6.89757,46.45417 6.89687,46.45600 6.88740,46.45731 6.88568,46.45828 6.88414,46.46074 6.88138,46.46198 6.88028,46.46488 6.87787,46.46647 6.87540,46.47104 6.87140,46.47223 6.87003,46.47600 6.87140,46.47727 6.88923,46.47817 6.89061,46.48000 6.89120,46.48420 6.89418,46.48522 6.89594,46.48800 6.89621,46.49200 6.89998,46.49542 6.90275,46.49665 6.90499,46.50241 6.91048,46.50492 6.91095,46.50845 6.91407,46.50933 6.91799,46.51200 6.91689,46.51349 6.91702,46.51837 6.91807,46.52133 6.91940,46.52200 6.92340,46.52088 6.92657,46.52083 6.93540,46.52080 6.93940,46.52182 6.94081,46.52141 6.94340,46.51795 6.94901,46.51761 6.95140,46.51525 6.95465,46.51675 6.95774,46.52000 6.95140,46.52221 6.95003,46.52400 6.94740,46.52550 6.93540,46.52710 6.92258,46.52718 6.92213,46.52926 6.92340,46.53070 6.93151,46.53200 6.92821,46.53281 6.92740,46.53553 6.92532,46.53408 6.92340,46.53384 6.91887,46.54000 6.91930,46.54800 6.91808,46.55200 6.91940,46.55714 6.92340,46.55891 6.92588,46.55848 6.92740,46.55711 6.93140,46.56173 6.93540,46.56252 6.93832,46.56508 6.94340,46.56650 6.94389,46.56800 6.94200,46.57060 6.94166,46.57600 6.94212,46.57728 6.94648,46.58000 6.94857,46.58800 6.94989,46.58951 6.95286,46.59054 6.95721,46.59419 6.95940,46.59474 6.96425,46.59514 6.96740,46.59649 6.97042,46.59502 6.97540,46.59494 6.97940,46.59638 6.98167,46.59773 6.98314,46.60000 6.98283,46.60457 6.98740,46.60606 6.98947,46.60400 6.98879,46.60261 6.98577,46.60162 6.98381,46.60000 6.98686,46.59546 6.99190,46.59550 6.99797,46.59743 7.00102,46.59762 7.00405,46.59665 7.00540,46.59400 7.00740,46.59259 7.01096,46.59156 7.01198,46.59200 7.01248,46.59600 7.01368,46.59772 7.01540,46.59837 7.02125,46.59785 7.02263,46.59600 7.02250,46.59289 7.02138,46.59200 7.02340,46.59061 7.02579,46.59360 7.02740,46.59389 7.03540,46.59291 7.04095,46.59045 7.04340,46.59234 7.04185,46.58954 7.04197,46.58543 7.03919,46.58420 7.03940,46.58273 7.04740,46.58212 7.05140,46.58342 7.05370,46.58230 7.05550,46.58000 7.05026,46.57714 7.04916,46.57424 7.04334,46.57206 7.04065,46.56675 7.03654,46.56400 7.03714,46.56000 7.03940,46.55847 7.04340,46.55827 7.04455,46.55885 7.04449,46.56400 7.04556,46.56583 7.04840,46.56700 7.04956,46.56984 7.05221,46.57119 7.05385,46.57355 7.05540,46.57423 7.05940,46.57377 7.06340,46.57461 7.06740,46.57792 7.06871,46.57731 7.07140,46.57359 7.07540,46.57488 7.07851,46.57200 7.07540,46.56934 7.07074,46.56800 7.07414,46.56674 7.07482,46.56000 7.07642,46.55600 7.07475,46.55265 7.07454,46.54886 7.07140,46.54582 7.07070,46.54070 7.06651,46.54000 7.06740,46.53636 7.06777,46.53963 7.07689,46.54000 7.07609,46.54069 7.07782,46.54958 7.08075,46.55065 7.08260,46.55280 7.09540,46.56001 7.09734,46.55600 7.09722,46.55418 7.09526,46.55186 7.09961,46.55179 7.10094,46.55446 7.10351,46.55588 7.10643,46.56000 7.10340,46.57081 7.09940,46.56976 7.09812,46.57200 7.09331,46.57391 7.09197,46.57600 7.09478,46.58062 7.09719,46.58221 7.09940,46.58573 7.10088,46.58652 7.10124,46.58800 7.10233,46.58907 7.10539,46.59001 7.10653,46.59287 7.10937,46.59403 7.11096,46.59644 7.11940,46.59564 7.12008,46.59932 7.12416,46.59924 7.12901,46.60239 7.13758,46.60400 7.12740,46.60615 7.12340,46.60543 7.12091,46.60800 7.12170,46.60970 7.12340,46.61060 7.12740,46.60970 7.13258,46.61082 7.13540,46.61342 7.13940,46.61368 7.14031,46.61509 7.14368,46.61572 7.14400,46.61940 7.15053,46.62000 7.14932,46.62192 7.14740,46.62255 7.14620,46.62120 7.14284,46.62056 7.13513,46.62027 7.13328,46.61812 7.12740,46.61705 7.12413,46.61527 7.11940,46.61505 7.11857,46.61600 7.11822,46.62282 7.11415,46.63200 7.11765,46.63600 7.11612,46.63672 7.11397,46.64000 7.11755,46.64585 7.12050,46.64690 7.12225,46.65315 7.12463,46.65600 7.12244,46.65904 7.12280,46.66060 7.12631,46.66400 7.12423,46.66800 7.12503,46.67037 7.12783,46.67200 7.12812,46.67600 7.12940,46.67800 7.13140,46.68039 7.13438,46.67898 7.13804,46.67864 7.13940,46.67689 7.14124,46.68000 7.14123,46.68400 7.14393,46.68453 7.14637,46.68297 7.15528,46.68400 7.15774,46.68800 7.15540,46.69270 7.15292,46.69048 7.14740,46.69121 7.14598,46.69458 7.14642,46.69698 7.14740,46.69749 7.15540,46.69681 7.15767,46.69773 7.15940,46.70028 7.16251,46.70089 7.16340,46.70242 7.16868,46.70272 7.17039,46.70400 7.16933,46.71200 7.17140,46.71282 7.17488,46.71600 7.17655,46.71885 7.17940,46.72035 7.18740,46.72208 7.18896,46.72156 7.19140,46.71831 7.19313,46.71827 7.19940,46.71841 7.20019,46.71921 7.20446,46.72000 7.20038,46.72098 7.19540,46.72095 7.19348,46.72208 7.19306,46.72633 7.19540,46.72904 7.19940,46.73087 7.20340,46.72618 7.20740,46.72704 7.21140,46.72606 7.21334,46.72800 7.21940,46.72992 7.22093,46.72953 7.22380,46.72840 7.22455,46.72400 7.22550,46.72210 7.22740,46.72115 7.23101,46.72439 7.23536,46.72396 7.23807,46.72000 7.23739,46.71600 7.23689,46.71451 7.23455,46.71285 7.23130,46.71209 7.23092,46.70847 7.22850,46.70800 7.23055,46.70715 7.23591,46.70749 7.23786,46.70954 7.24074,46.71066 7.24252,46.71288 7.24579,46.71361 7.24947,46.71793 7.25140,46.71913 7.25848,46.72092 7.26057,46.72283 7.26745,46.72405 7.27262,46.72278 7.27540,46.72468 7.27940,46.72162 7.28340,46.72185 7.28536,46.72000 7.28740,46.71932 7.29540,46.72032 7.29646,46.71706 7.29809,46.71731 7.29994,46.71654 7.30072,46.71332 7.30584,46.71200 7.30458,46.71082 7.30404,46.70336 7.29749,46.70191 7.29615,46.70000 7.29741,46.69600 7.29686,46.69454 7.29447,46.69293 7.29327,46.68800 7.29540,46.68033 7.29940,46.68711 7.30177,46.69363 7.30471,46.69468 7.30602,46.69738 7.30913,46.69827 7.31041,46.70000 7.31087,46.70453 7.31389,46.70551 7.31491,46.70849 7.31783,46.70957 7.31886,46.71254 7.32340,46.71216 7.32740,46.71309 7.33940,46.71388 7.34427,46.71512 7.34371,46.71631 7.33140,46.71728 7.32740,46.71698 7.32175,46.71835 7.31869,46.72000 7.31960,46.72420 7.31540,46.72479 7.31325,46.72215 7.31140,46.72158 7.30631,46.72290 7.30340,46.73078 7.29940,46.73259 7.29896,46.73600 7.30064,46.73876 7.30221,46.74519 7.30740,46.75063 7.31133,46.74394 7.31540,46.74526 7.31671,46.74800 7.31940,46.74916 7.32340,46.74544 7.32928,46.74588 7.32929,46.74211 7.32535,46.74000 7.33065,46.73925 7.33140,46.73814 7.33431,46.74109 7.34457,46.74283 7.34615,46.74525 7.35140,46.74599 7.35341,46.74800 7.35840,46.74900 7.35940,46.75235 7.35998,46.74858 7.36340,46.74545 7.36454,46.74686 7.36848,46.74692 7.37140,46.74843 7.37540,46.74489 7.37814,46.74400 7.37779,46.74161 7.37623,46.74000 7.37810,46.73870 7.38740,46.73904 7.38929,46.73789 7.39012,46.73472 7.39363,46.73023 7.39642,46.72902 7.39792,46.72651 7.39940,46.72577 7.40740,46.72702 7.40750,46.73190 7.40865,46.73200 7.40375,46.73235 7.40029,46.73689 7.39475,46.73935 7.39399,46.74800 7.38234,46.75094 7.38016,46.75200 7.37813,46.75473 7.37471,46.75531 7.36971,46.75831 7.36640,46.76300 7.36740,46.76604 7.37140,46.76462 7.37357,46.76583 7.38125,46.76615 7.38382,46.76758 7.38740,46.76736 7.39140,46.76933 7.39940,46.76645 7.40340,46.76683 7.40566,46.76626 7.40740,46.76408 7.40890,46.76650 7.41140,46.76830 7.41401,46.76661 7.41536,46.76400 7.41482,46.75942 7.41940,46.75838 7.42144,46.76000 7.42014,46.76074 7.42136,46.77004 7.42340,46.77291 7.42585,46.77355 7.42840,46.77300 7.42929,46.77200 7.42816,46.76800 7.42985,46.76644 7.43540,46.76384 7.43835,46.75895 7.44077,46.75737 7.44559,46.74619 7.44799,46.74459 7.45188,46.74400 7.45177,46.73963 7.44340,46.73919 7.43995,46.73600 7.44219,46.73200 7.44125,46.73015 7.43680,46.72800 7.43547,46.72407 7.43605,46.72000 7.43848,46.71600 7.43961,46.71578 7.44162,46.71778 7.44483,46.71857 7.44740,46.72191 7.44892,46.72648 7.45085,46.72855 7.45451,46.72889 7.45731,46.73009 7.45857,46.73283 7.45861,46.73679 7.45940,46.73841 7.46058,46.73882 7.46162,46.74178 7.46182,46.74400 7.45810,46.74670 7.45761,46.74800 7.46024,46.75684 7.45850,46.75910 7.45540,46.75901 7.45451,46.76000 7.45517,46.76400 7.45379,46.76800 7.45140,46.77012 7.45097,46.77243 7.45364,46.77376 7.45540,46.77623 7.45940,46.77441 7.46340,46.77528 7.46910,46.77370 7.47144,46.77204 7.47238,46.76800 7.47140,46.76676 7.46740,46.76557 7.46496,46.76400 7.46860,46.76120 7.47674,46.76134 7.48212,46.75872 7.48902,46.75762 7.49126,46.75600 7.49408,46.75200 7.49324,46.74800 7.49393,46.74253 7.49540,46.74021 7.49839,46.73899 7.50021,46.73681 7.49992,46.73600 7.50204,46.73465 7.50340,46.73040 7.50740,46.73013 7.50978,46.72800 7.50777,46.72400 7.50814,46.72074 7.51140,46.72037 7.51540,46.72132 7.51940,46.72120 7.52094,46.72000 7.52143,46.71803 7.52393,46.71653 7.53540,46.71627 7.53601,46.71261 7.54340,46.71223 7.54740,46.71355 7.55530,46.71200 7.55675,46.70935 7.55995,46.70800 7.56340,46.70446 7.57159,46.70419 7.57384,46.70244 7.57540,46.70257 7.58015,46.70075 7.58141,46.69801 7.58340,46.69651 7.58740,46.69726 7.58802,46.69662 7.59540,46.69633 7.59833,46.69494 7.59940,46.69516 7.60109,46.69369 7.60158,46.69018 7.60440,46.68700 7.60440,46.68500 7.60558,46.68581 7.61221,46.68481 7.61402,46.68400 7.61400,46.68260 7.61540,46.68115 7.61940,46.68167 7.62079,46.68261 7.62114,46.68400 7.62793,46.68453 7.62751,46.67989 7.61972,46.67967 7.61940,46.67583 7.59196,46.67544 7.59140,46.67181 7.57940,46.67174 7.57818,46.67478 7.57540,46.67539 7.56991,46.67349 7.56740,46.67141 7.56402,46.67200 7.56340,46.67330 7.55940,46.67330 7.55810,46.67200 7.55540,46.67171 7.54340,46.67187 7.53225,46.67115 7.52954,46.66985 7.52872,46.66800 7.52740,46.66756 7.52583,46.66800 7.52509,46.66969 7.52340,46.67060 7.51007,46.66933 7.50783,46.66757 7.50340,46.66618 7.49940,46.66721 7.49698,46.66642 7.49540,46.66364 7.49291,46.66551 7.48340,46.66578 7.47540,46.66491 7.47486,46.66400 7.47140,46.66266 7.46740,46.66349 7.46340,46.66281 7.45622,46.66400 7.45540,46.66503 7.44625,46.66114 7.43806,46.66134 7.43538,46.66002 7.43146,46.65994 7.43027,46.65713 7.42185,46.65354 7.42017,46.65200 7.41797,46.64543 7.41521,46.64419 7.41516,46.64024 7.41337,46.64000 7.41555,46.63985 7.41622,46.64318 7.41839,46.64299 7.42116,46.64400 7.42224,46.64516 7.42826,46.64714 7.43018,46.64922 7.43310,46.65030 7.43940,46.65017 7.44382,46.65158 7.45140,46.65162 7.45408,46.65331 7.45940,46.65461 7.46403,46.65263 7.46773,46.65233 7.47023,46.65083 7.47940,46.64942 7.48340,46.64515 7.48492,46.64648 7.48740,46.64716 7.49008,46.64668 7.49140,46.64513 7.49331,46.64608 7.49497,46.64843 7.50340,46.64808 7.50824,46.65200 7.51140,46.65279 7.51449,46.65200 7.51680,46.64940 7.51940,46.64877 7.52340,46.65018 7.52837,46.64897 7.53025,46.64285 7.53140,46.64230 7.53540,46.64185 7.54023,46.64317 7.54340,46.64548 7.55140,46.64641 7.55789,46.64249 7.56036,46.64096 7.56037,46.63903 7.55474,46.63534 7.55206,46.63534 7.55162,46.63178 7.54809,46.63130 7.54764,46.62776 7.54482,46.62658 7.54446,46.62294 7.54340,46.62239 7.53940,46.62356 7.53627,46.62313 7.53570,46.61970 7.53235,46.61905 7.53140,46.61549 7.52014,46.61526 7.51796,46.61344 7.51482,46.61258 7.51253,46.61087 7.50340,46.60987 7.49969,46.60800 7.50255,46.60715 7.50338,46.60400 7.50176,46.60164 7.49770,46.60000 7.49744,46.59396 7.49407,46.59200 7.49540,46.58772 7.49666,46.59074 7.49791,46.59051 7.49988,46.59152 7.50071,46.59468 7.50436,46.59504 7.50603,46.59600 7.50932,46.59808 7.51071,46.60069 7.51940,46.60118 7.53140,46.60480 7.53940,46.60486 7.54157,46.60982 7.54340,46.61113 7.54643,46.61104 7.54740,46.60964 7.55140,46.60994 7.55266,46.60800 7.55230,46.60400 7.55427,46.60000 7.55386,46.59754 7.54941,46.59600 7.55413,46.59473 7.55540,46.59158 7.55675,46.59865 7.56053,46.60287 7.56350,46.60800 7.56510,46.61200 7.56537,46.61600 7.56740,46.61861 7.57139,46.62000 7.57375,46.62965 7.57540,46.63057 7.57940,46.63064 7.58069,46.63471 7.58509,46.63830 7.58996,46.64544 7.59597,46.64743 7.59940,46.64963 7.60340,46.64843 7.60653,46.64887 7.60740,46.65242 7.62293,46.65247 7.62614,46.65326 7.62677,46.65600 7.62815,46.65675 7.63065,46.65675 7.63282,46.65858 7.63300,46.66000 7.63787,46.66153 7.63940,46.66419 7.65140,46.66419 7.65198,46.66058 7.65967,46.66027 7.66091,46.65751 7.66340,46.65675 7.66740,46.65696 7.66810,46.64870 7.67540,46.64873 7.67627,46.64713 7.67540,46.63500 7.66793,46.63547 7.66740,46.63455 7.66740,46.63047 7.67140,46.62635 7.67160,46.62380 7.66798,46.62342 7.66740,46.61973 7.65998,46.61942 7.65959,46.61581 7.65598,46.61542 7.65540,46.61169 7.64806,46.61133 7.64762,46.60778 7.64081,46.60659 7.63987,46.59953 7.63729,46.59811 7.63382,46.59758 7.63140,46.59422 7.62951,46.59389 7.62740,46.59152 7.62498,46.59042 7.62235,46.58505 7.62386,46.58000 7.61859,46.57681 7.61663,46.57200 7.61359,46.56981 7.61247,46.56693 7.60804,46.56336 7.60762,46.56022 7.60546,46.55794 7.60468,46.55472 7.60212,46.55328 7.60098,46.55042 7.59840,46.54900 7.59390,46.53350 7.59140,46.53212 7.59140,46.53041 7.59178,46.53162 7.59413,46.53073 7.59540,46.53105 7.59643,46.53497 7.60164,46.53600 7.60226,46.54400 7.60439,46.54701 7.60503,46.55037 7.60807,46.55133 7.60963,46.55377 7.61285,46.55455 7.61449,46.55691 7.61644,46.55704 7.61812,46.55600 7.61756,46.55200 7.61852,46.54800 7.62340,46.54746 7.62515,46.55025 7.62813,46.55127 7.62935,46.55405 7.63271,46.55469 7.63450,46.55600 7.63470,46.56000 7.63680,46.56260 7.63760,46.56580 7.64261,46.56721 7.64740,46.56701 7.64932,46.56400 7.64793,46.56000 7.64808,46.55600 7.64876,46.55336 7.65004,46.55336 7.65211,46.55200 7.65300,46.54160 7.65588,46.54048 7.65736,46.53396 7.66005,46.53265 7.66244,46.52703 7.66740,46.52500 7.67246,46.52506 7.67379,46.52239 7.67615,46.52075 7.67646,46.51893 7.67250,46.51600 7.67467,46.51527 7.67540,46.51073 7.68104,46.51200 7.68165,46.51600 7.68036,46.51696 7.68017,46.52000 7.68063,46.52276 7.68205,46.52400 7.68176,46.52636 7.68066,46.52926 7.67477,46.53137 7.67382,46.53600 7.66894,46.53754 7.66864,46.54524 7.66699,46.55200 7.67048,46.55600 7.67075,46.56000 7.66910,46.56170 7.66740,46.56605 7.66503,46.56800 7.66493,46.56953 7.66340,46.56975 7.66298,46.57200 7.66398,46.57258 7.66627,46.57200 7.66615,46.57075 7.66769,46.57171 7.67071,46.57131 7.67344,46.57200 7.67396,46.57600 7.67311,46.57771 7.67076,46.57936 7.67018,46.58522 7.67140,46.58625 7.67596,46.58744 7.67622,46.58882 7.67459,46.59200 7.67749,46.59391 7.68027,46.59913 7.68409,46.60069 7.69140,46.60041 7.69262,46.59722 7.69540,46.59661 7.69940,46.59667 7.70199,46.59741 7.70340,46.59871 7.70491,46.59351 7.70548,46.59392 7.70847,46.59307 7.70965,46.59025 7.71140,46.58885 7.71802,46.58662 7.71940,46.58094 7.72397,46.58057 7.72740,46.57281 7.73186,46.57246 7.73400,46.57059 7.73540,46.55918 7.73845,46.56000 7.73766,46.56226 7.73773,46.57600 7.73733,46.57793 7.73488,46.58000 7.73446,46.59200 7.73304,46.59364 7.72582,46.59442 7.72160,46.59820 7.72015,46.60075 7.71760,46.60220 7.71687,46.60547 7.71540,46.60724 7.71233,46.60893 7.71093,46.61200 7.71415,46.61725 7.71663,46.61877 7.71741,46.62198 7.71940,46.62347 7.72340,46.62302 7.72569,46.62400 7.72608,46.62932 7.72819,46.63121 7.73147,46.63193 7.73383,46.63357 7.73628,46.63288 7.73801,46.63061 7.74340,46.63081 7.74536,46.62996 7.74740,46.62496 7.75140,46.62696 7.75394,46.62654 7.75540,46.62210 7.75940,46.62282 7.76156,46.62400 7.75800,46.62660 7.75695,46.62955 7.75140,46.63081 7.74843,46.63303 7.74340,46.63312 7.74157,46.63417 7.73925,46.64000 7.73880,46.64400 7.73495,46.64755 7.73483,46.64857 7.74340,46.65068 7.74740,46.64875 7.75140,46.65234 7.75282,46.64942 7.76443,46.64903 7.76740,46.64525 7.77140,46.64543 7.77540,46.64468 7.77802,46.64538 7.77940,46.64826 7.78151,46.64611 7.78740,46.64444 7.79140,46.64446 7.79316,46.64624 7.79396,46.64944 7.79540,46.65033 7.80133,46.64993 7.80340,46.64878 7.80605,46.64935 7.80734,46.65206 7.81879,46.65261 7.82182,46.65358 7.82313,46.65627 7.83071,46.65669 7.83117,46.66023 7.83468,46.66072 7.83516,46.66424 7.83940,46.66439 7.84126,46.66613 7.84200,46.66940 7.84340,46.67012 7.84740,46.67014 7.85229,46.66889 7.85463,46.66323 7.85415,46.65725 7.84854,46.65600 7.85140,46.65306 7.85540,46.65172 7.85910,46.65170 7.86109,46.65431 7.86340,46.65439 7.86494,46.65354 7.86740,46.64952 7.87279,46.64539 7.87381,46.64241 7.87540,46.64115 7.87966,46.64026 7.88159,46.63819 7.88463,46.63723 7.88740,46.63430 7.89419,46.63479 7.89540,46.63430 7.89540,46.63660 7.89140,46.63750 7.88959,46.64000 7.88809,46.64069 7.88462,46.64122 7.88410,46.64470 7.87869,46.64729 7.87819,46.65600 7.87680,46.66000 7.87810,46.66130 7.87854,46.66400 7.88094,46.66646 7.88184,46.66956 7.88800,46.67140 7.89018,46.67721 7.89235,46.67905 7.89823,46.68117 7.90488,46.68252 7.90595,46.68545 7.90740,46.68620 7.91540,46.68619 7.91940,46.68485 7.92340,46.68491 7.92558,46.68582 7.92740,46.68897 7.93540,46.68912 7.93732,46.69008 7.94068,46.69472 7.94148,46.69792 7.94400,46.69940 7.94856,46.70000 7.94948,46.70192 7.95211,46.70329 7.95963,46.70376 7.96023,46.70717 7.97103,46.70800 7.95940,46.70972 7.95690,46.70650 7.95540,46.70596 7.94740,46.70639 7.94581,46.70559 7.94440,46.70300 7.93940,46.70268 7.93762,46.70178 7.93622,46.69918 7.93350,46.69790 7.93213,46.69526 7.92340,46.69507 7.92126,46.69414 7.91940,46.69115 7.90340,46.69128 7.89940,46.69067 7.89714,46.69374 7.89374,46.69600 7.89540,46.69721 7.90068,46.69872 7.90224,46.70116 7.90510,46.70230 7.90921,46.70619 7.91540,46.70786 7.91540,46.70850 7.90422,46.70882 7.89647,46.70693 7.88740,46.70608 7.88661,46.70479 7.87647,46.70293 7.87369,46.70171 7.87197,46.69943 7.86878,46.69862 7.86740,46.69522 7.86142,46.69398 7.85940,46.69134 7.85540,46.69395 7.85217,46.69123 7.84291,46.69151 7.84192,46.69600 7.84369,46.69971 7.84340,46.70485 7.84280,46.70060 7.83894,46.70046 7.83671,46.69868 7.83089,46.69651 7.82438,46.68800 7.81940,46.68575 7.81540,46.68616 7.80740,46.68538 7.80530,46.68590 7.80286,46.68746 7.80168,46.69028 7.79940,46.69114 7.79140,46.69097 7.78942,46.68998 7.78740,46.68682 7.77940,46.68633 7.77540,46.68727 7.75140,46.68751 7.75051,46.69111 7.74829,46.69111 7.74700,46.69200 7.75039,46.69600 7.74939,46.69799 7.74684,46.69944 7.74315,46.69975 7.74284,46.70456 7.74465,46.70800 7.74027,46.70887 7.73940,46.71356 7.73783,46.71443 7.73373,46.72000 7.73540,46.72230 7.73688,46.72252 7.73860,46.72400 7.73700,46.72560 7.73197,46.72800 7.73411,46.72929 7.73501,46.74039 7.73815,46.74125 7.73906,46.75234 7.74457,46.75483 7.74491,46.76000 7.74430,46.76090 7.73940,46.76118 7.73642,46.75898 7.73480,46.75940 7.73358,46.76800 7.73454,46.77286 7.73540,46.77341 7.73647,46.77307 7.73815,46.77075 7.74114,46.76974 7.74234,46.76694 7.74517,46.76577 7.74740,46.76250 7.75209,46.76331 7.75540,46.76521 7.75940,46.76522 7.76110,46.76800 7.75533,46.77600 7.75940,46.77814 7.76193,46.78147 7.76340,46.78189 7.76648,46.77908 7.76861,46.77878 7.77382,46.78158 7.77728,46.78211 7.78609,46.78269 7.78740,46.78103 7.78960,46.78180 7.79088,46.78400 7.79540,46.78524 7.80300,46.78440 7.81140,46.78534 7.81998,46.78458 7.82381,46.78000 7.82783,46.77957 7.83140,46.78210 7.83323,46.78183 7.83540,46.77914 7.83911,46.78000 7.83621,46.78081 7.83601,46.78461 7.83345,46.78605 7.83140,46.79039 7.83012,46.79072 7.81540,46.79164 7.81140,46.78999 7.80666,46.79126 7.80340,46.79467 7.80216,46.79324 7.79940,46.79302 7.79540,46.79030 7.78740,46.79384 7.78650,46.79290 7.78340,46.79272 7.78083,46.79344 7.77940,46.79533 7.77625,46.79514 7.77393,46.79346 7.76740,46.79154 7.76582,46.79442 7.75765,46.79825 7.75617,46.80000 7.76019,46.80400 7.76169,46.80800 7.76159,46.81200 7.76340,46.81361 7.77140,46.81323 7.77540,46.81709 7.77830,46.81490 7.78340,46.81384 7.78740,46.81611 7.79192,46.81547 7.79369,46.81600 7.79263,46.81723 7.79274,46.82000 7.79369,46.82170 7.79540,46.82256 7.80183,46.82243 7.80340,46.82097 7.80887,46.82252 7.81238,46.82702 7.81874,46.82800 7.81140,46.82872 7.80574,46.83034 7.80453,46.83313 7.80231,46.83491 7.80043,46.84000 7.80108,46.84400 7.79878,46.84800 7.80340,46.85116 7.81140,46.85367 7.81540,46.85088 7.82350,46.85200 7.81878,46.85538 7.81940,46.85847 7.82093,46.86000 7.81940,46.86088 7.81796,46.86400 7.81940,46.86505 7.82340,46.86588 7.82640,46.87200 7.82340,46.87385 7.82125,46.87015 7.81940,46.86946 7.81540,46.87000 7.81352,46.87200 7.81385,46.87355 7.81732,46.87600 7.81773,46.88000 7.81540,46.88065 7.81330,46.87810 7.80740,46.87747 7.80399,46.88059 7.79940,46.88178 7.79540,46.88158 7.79056,46.88316 7.78970,46.88800 7.79036,46.88904 7.79246,46.89094 7.79732,46.89200 7.79625,46.89285 7.79411,46.90000 7.79961,46.90379 7.80740,46.90731 7.81088,46.90748 7.81145,46.90395 7.81275,46.90935 7.80740,46.91129 7.80340,46.90987 7.79860,46.91120 7.79540,46.91297 7.79213,46.91127 7.78880,46.91060 7.78740,46.90879 7.78591,46.91600 7.78639,46.91701 7.79140,46.91715 7.79266,46.91874 7.79276,46.92536 7.79171,46.92769 7.79763,46.92977 7.79940,46.93008 7.80070,46.92930 7.80166,46.92626 7.80378,46.92400 7.80195,46.92000 7.80340,46.91881 7.80861,46.91721 7.81008,46.91600 7.81006,46.91466 7.81388,46.91200 7.81399,46.91059 7.81608,46.91132 7.81940,46.91105 7.82163,46.91377 7.82495,46.91445 7.82740,46.91606 7.83624,46.91284 7.83940,46.90941 7.84103,46.91200 7.84500,46.91440 7.84671,46.91669 7.85140,46.91732 7.85540,46.91647 7.85646,46.91706 7.85594,46.91600 7.85743,46.91403 7.85940,46.91325 7.86740,46.91382 7.86888,46.91348 7.87012,46.91200 7.87527,46.91187 7.87636,46.91104 7.87886,46.91200 7.87571,46.91231 7.87289,46.91349 7.87140,46.91920 7.87085,46.91655 7.86404,46.91664 7.85757,46.91817 7.85711,46.92229 7.85786,46.92400 7.85940,46.92477 7.86420,46.93120 7.86755,46.93185 7.86740,46.93540 7.86651,46.93600 7.86325,46.93615 7.86209,46.93331 7.85629,46.93200 7.85386,46.92954 7.84698,46.92842 7.84520,46.92620 7.84340,46.92552 7.83842,46.92702 7.83544,46.93200 7.82983,46.93443 7.82949,46.93791 7.83210,46.94000 7.82925,46.94185 7.82740,46.94582 7.82201,46.94661 7.81940,46.95033 7.81490,46.95150 7.81370,46.95430 7.81028,46.95600 7.81140,46.96258 7.81067,46.96072 7.80900,46.96160 7.80546,46.96000 7.80340,46.95562 7.79940,46.96139 7.79377,46.95600 7.79671,46.95331 7.79540,46.94915 7.79140,46.95040 7.78722,46.94800 7.78565,46.95200 7.78618,46.95322 7.79020,46.95600 7.78913,46.96000 7.78981,46.96159 7.79280,46.96260 7.79436,46.96504 7.79692,46.96648 7.79742,46.96800 7.79832,46.97492 7.79642,46.97702 7.79540,46.97701 7.79426,46.97314 7.79123,46.97217 7.78965,46.96975 7.78740,46.96865 7.78578,46.96562 7.78064,46.96400 7.77884,46.96056 7.77540,46.95828 7.77140,46.95971 7.76703,46.95963 7.76569,46.96400 7.76147,46.96607 7.76038,46.96800 7.75946,46.97194 7.76153,46.97387 7.76439,46.97501 7.77096,46.97600 7.76956,46.97816 7.76740,46.97922 7.76340,46.97818 7.76238,46.97898 7.76219,46.98121 7.76402,46.98400 7.76004,46.98800 7.76004,46.99136 7.76096,46.99200 7.75775,46.99435 7.75613,47.00000 7.75940,47.00331 7.76448,47.00108 7.76928,47.00212 7.77140,47.00488 7.77940,47.00378 7.78142,47.00598 7.78197,47.00943 7.78597,47.01200 7.78623,47.01717 7.79090,47.02000 7.78958,47.02217 7.78740,47.02347 7.78590,47.02150 7.78340,47.02131 7.77568,47.02428 7.77140,47.02466 7.76963,47.02623 7.76981,47.02959 7.77825,47.03600 7.77820,47.03719 7.78065,47.04000 7.78740,47.04220 7.79319,47.04179 7.79540,47.04004 7.79956,47.04400 7.79618,47.04478 7.79140,47.04759 7.78959,47.04581 7.78740,47.04537 7.78450,47.04800 7.78340,47.05165 7.78181,47.04559 7.77940,47.04498 7.77678,47.04538 7.77207,47.04800 7.77342,47.04998 7.77674,47.05200 7.77511,47.05600 7.78064,47.05876 7.78101,47.06000 7.77940,47.06233 7.77509,47.06400 7.77940,47.06551 7.78078,47.06800 7.78095,47.07355 7.77769,47.07829 7.77744,47.08000 7.78236,47.08504 7.79268,47.08672 7.79721,47.09019 7.79940,47.09090 7.80340,47.09005 7.80759,47.09181 7.81029,47.09200 7.81383,47.09600 7.79940,47.09825 7.79488,47.09652 7.79287,47.09452 7.79140,47.09414 7.78740,47.09406 7.78259,47.09519 7.77882,47.10400 7.77828,47.10800 7.78035,47.11105 7.78045,47.11494 7.78315,47.11600 7.78031,47.11691 7.77722,47.11418 7.77140,47.11317 7.76740,47.10785 7.76485,47.10255 7.76340,47.10156 7.75940,47.10203 7.75750,47.10400 7.76067,47.11600 7.76035,47.12000 7.76213,47.12927 7.76340,47.13009 7.76912,47.13028 7.77140,47.13266 7.77540,47.12996 7.77765,47.14000 7.77725,47.14185 7.77540,47.14332 7.76740,47.13922 7.76340,47.13500 7.76115,47.13600 7.76114,47.14000 7.76220,47.14120 7.76537,47.14202 7.76740,47.14465 7.77233,47.14493 7.77540,47.14420 7.78848,47.14508 7.79141,47.14400 7.79234,47.15506 7.79345,47.15795 7.79561,47.16021 7.79336,47.16196 7.79224,47.16484 7.79124,47.16416 7.78740,47.16454 7.78532,47.16592 7.78446,47.16906 7.78202,47.17200 7.78604,47.17735 7.78677,47.18062 7.78830,47.18090 7.79252,47.17712 7.79399,47.17459 7.79492,47.16848 7.79389,47.16800 7.79405,47.16665 7.79540,47.16647 7.79596,47.16744 7.79751,47.17200 7.79654,47.17600 7.79845,47.18000 7.79654,47.18114 7.79624,47.18400 7.79698,47.18642 7.79970,47.18770 7.80023,47.19117 7.80285,47.19200 7.80084,47.19344 7.79540,47.19341 7.79383,47.19443 7.79299,47.19600 7.79348,47.19792 7.79540,47.19950 7.80731,47.19591 7.81940,47.19575 7.82476,47.19736 7.82525,47.19600 7.83327,47.19600 7.82914,47.19774 7.82340,47.20261 7.82041,47.20400 7.81540,47.20357 7.80836,47.20496 7.80772,47.21167 7.81283,47.21600 7.81077,47.22000 7.81686,47.22254 7.82340,47.22363 7.82740,47.22651 7.83228,47.22712 7.83540,47.22883 7.83940,47.22982 7.84045,47.23200 7.83940,47.23526 7.83740,47.23400 7.83540,47.23378 7.83411,47.23471 7.83418,47.23722 7.83671,47.24000 7.83140,47.24550 7.82740,47.24592 7.82432,47.25200 7.82910,47.25430 7.83140,47.25727 7.83540,47.25555 7.83746,47.25794 7.83940,47.25873 7.84159,47.25819 7.84325,47.25585 7.84729,47.25589 7.84740,47.25520 7.84869,47.26000 7.84844,47.26400 7.84529,47.26589 7.84407,47.26800 7.84740,47.27168 7.84908,47.27200 7.85279,47.27461 7.85368,47.27600 7.85313,47.28000 7.85424,47.28400 7.85720,47.28620 7.85875,47.28865 7.86519,47.29021 7.87056,47.29284 7.87821,47.29319 7.88265,47.29125 7.89413,47.29073 7.89864,47.28800 7.89656,47.28283 7.89130,47.27600 7.89192,47.27148 7.89081,47.26740 7.89251,47.26511 7.89540,47.26411 7.89770,47.26800 7.90098,47.27042 7.90340,47.27172 7.90740,47.27048 7.91297,47.27443 7.91589,47.27551 7.91940,47.27593 7.93035,47.27495 7.93140,47.27289 7.93309,47.27431 7.93347,47.27600 7.93563,47.27623 7.93668,47.26928 7.94005,47.26865 7.94107,47.26167 7.94367,47.26027 7.94465,47.25725 7.94652,47.25600 7.94781,47.25200 7.94340,47.24887 7.93940,47.25071 7.93270,47.24400 7.93266,47.24126 7.93395,47.24000 7.93537,47.23997 7.93684,47.24256 7.94340,47.24315 7.94740,47.24263 7.94921,47.24181 7.95140,47.23841 7.95297,47.23757 7.95540,47.23311 7.95729,47.23389 7.95940,47.23183 7.96214,47.23326 7.96397,47.23257 7.96555,47.23015 7.96854,47.22914 7.96961,47.22400 7.97318,47.22178 7.97462,47.21922 7.97540,47.21124 7.97836,47.21096 7.97931,47.20791 7.98428,47.20800 7.97982,47.20842 7.97989,47.21200 7.97650,47.21310 7.97659,47.22400 7.97380,47.22640 7.97303,47.23363 7.97056,47.23516 7.96994,47.23746 7.97266,47.24274 7.97495,47.24400 7.97632,47.24708 7.97803,47.24800 7.97312,47.24972 7.97140,47.25183 7.96740,47.25349 7.95940,47.25048 7.95683,47.25343 7.95369,47.25429 7.95315,47.25600 7.95444,47.26000 7.95352,47.26212 7.95086,47.26346 7.95035,47.26694 7.94719,47.26800 7.94740,47.26961 7.95145,47.27195 7.95466,47.27126 7.95757,47.27200 7.95713,47.27600 7.95811,47.28000 7.95541,47.28400 7.96078,47.28661 7.96670,47.28800 7.96910,47.29030 7.97184,47.29156 7.97467,47.29200 7.96852,47.29312 7.96613,47.29473 7.96584,47.29600 7.96624,47.29716 7.96870,47.29870 7.97437,47.30000 7.97307,47.30167 7.97140,47.30191 7.97032,47.30108 7.96090,47.30150 7.95138,47.30398 7.95508,47.30800 7.95323,47.30983 7.95140,47.31017 7.95033,47.31200 7.95211,47.31271 7.95495,47.31244 7.95940,47.31396 7.96340,47.31202 7.96740,47.31412 7.97140,47.31291 7.98074,47.31466 7.98340,47.31541 7.98797,47.31943 7.99940,47.32124 8.00740,47.32162 8.01140,47.31684 8.01540,47.31865 8.01940,47.31824 8.02340,47.32202 8.02872,47.32268 8.03015,47.32525 8.03307,47.32633 8.03475,47.32865 8.03802,47.32938 8.03940,47.33064 8.04373,47.32800 8.04893,47.33200 8.04740,47.33241 8.04558,47.33418 8.04499,47.34000 8.04572,47.34168 8.04841,47.34299 8.04976,47.34564 8.05595,47.34745 8.05688,47.35052 8.05973,47.35167 8.06016,47.35524 8.06468,47.35600 8.06507,47.35833 8.06951,47.36000 8.06328,47.36012 8.06238,47.35702 8.05899,47.35641 8.05795,47.35345 8.05470,47.35270 8.05140,47.35005 8.04740,47.34970 8.04556,47.34584 8.04285,47.34455 8.04210,47.34130 8.03877,47.34063 8.03734,47.33806 8.03433,47.33707 8.02970,47.33370 8.02863,47.33077 8.02573,47.32967 8.02386,47.32754 8.01803,47.32537 8.01540,47.32235 8.01140,47.32605 7.99140,47.32642 7.98740,47.32745 7.97502,47.32762 7.97301,47.32800 7.97140,47.33058 7.96740,47.33014 7.96522,47.32618 7.96340,47.32561 7.95540,47.32842 7.95359,47.32400 7.95140,47.32310 7.94871,47.32400 7.94498,47.32800 7.94340,47.32846 7.94027,47.32800 7.94038,47.32400 7.93940,47.32171 7.93118,47.31978 7.92977,47.32237 7.92763,47.32400 7.92326,47.32386 7.91949,47.32809 7.91540,47.32706 7.91409,47.32800 7.91031,47.34000 7.91140,47.34221 7.91476,47.34400 7.91660,47.34800 7.91303,47.35200 7.90946,47.35406 7.90740,47.35807 7.90340,47.35484 7.89940,47.35360 7.89140,47.35450 7.89050,47.35289 7.88811,47.35271 7.88340,47.34986 7.87940,47.35021 7.87503,47.35237 7.87140,47.35295 7.86834,47.35106 7.86340,47.35067 7.86203,47.34937 7.85940,47.34874 7.85140,47.34911 7.84740,47.34752 7.84325,47.34815 7.83940,47.34699 7.83829,47.35200 7.83867,47.35927 7.83515,47.35975 7.83325,47.36185 7.83023,47.36283 7.82963,47.36400 7.83140,47.36764 7.83486,47.36800 7.83140,47.36855 7.82974,47.37034 7.82703,47.37163 7.82564,47.37424 7.82259,47.37519 7.82235,47.37704 7.82340,47.37858 7.82740,47.37727 7.83140,47.37791 7.84340,47.37767 7.84467,47.37873 7.85264,47.38000 7.85385,47.38400 7.85043,47.38703 7.85055,47.38885 7.85642,47.39098 7.86245,47.39200 7.86028,47.39288 7.85651,47.39711 7.85376,47.39764 7.84642,47.39600 7.84453,47.39087 7.84174,47.38966 7.83199,47.38859 7.82740,47.39049 7.82585,47.39200 7.82740,47.39388 7.83464,47.39600 7.83580,47.40040 7.82740,47.40077 7.81940,47.39711 7.81514,47.40400 7.81612,47.40728 7.81835,47.40695 7.82340,47.40838 7.82792,47.40748 7.83560,47.40780 7.83940,47.41084 7.84232,47.41092 7.84340,47.40918 7.84441,47.41200 7.83940,47.41504 7.83548,47.41608 7.82740,47.41423 7.82181,47.41841 7.81940,47.42190 7.81516,47.42376 7.81324,47.43200 7.81360,47.43600 7.81140,47.43927 7.81022,47.44800 7.80597,47.45200 7.80622,47.45718 7.80740,47.46263 7.82019,47.46800 7.81941,47.46801 7.81940,47.47233 7.81540,47.47255 7.81334,47.47006 7.81140,47.46937 7.80740,47.46973 7.80592,47.47052 7.80340,47.47377 7.79540,47.47439 7.79063,47.47277 7.78440,47.47300 7.78377,47.47637 7.78002,47.47662 7.77978,47.48362 7.78121,47.48400 7.77940,47.48628</coordinates></LineString></Placemark></Document></kml>